road_name,segment_id,latitude,longitude,time_period,congestion_index,avg_speed,travel_time_index
深南大道,深南大道_0,22.681597684922526,113.8515983068753,morning_peak,6.753396335062406,29.479621989625564,1.3506792670124812
深南大道,深南大道_0,22.82110809969224,113.91108391483706,midday,4.703683880004486,41.777896719973086,0.9407367760008972
深南大道,深南大道_0,22.830278772440316,113.98247806028388,evening_peak,8.98489705111344,16.09061769331936,1.7969794102226881
深南大道,深南大道_0,22.389588374253425,114.25642631480503,night,1.0525479725861868,63.68471216448288,0.21050959451723736
深南大道,深南大道_1,22.704211618714275,113.82576589144595,morning_peak,9.458435343820147,13.24938793707912,1.8916870687640295
深南大道,深南大道_1,22.7943066781961,114.11826572552775,midday,6.386531115089209,31.680813309464746,1.2773062230178418
深南大道,深南大道_1,22.739203330227127,114.15808291019455,evening_peak,9.822626069014195,11.06424358591483,1.964525213802839
深南大道,深南大道_1,22.45224420034518,113.85347246714569,night,2.7315557101352446,53.61066573918853,0.5463111420270489
深南大道,深南大道_2,22.433966932170872,114.27776320051659,morning_peak,8.419815690762164,19.481105855427018,1.6839631381524327
深南大道,深南大道_2,22.694556657569343,113.81218901717223,midday,6.980010812075886,28.119935127544686,1.396002162415177
深南大道,深南大道_2,22.30856577905945,114.14820698867503,evening_peak,7.866056786591915,22.803659280448514,1.573211357318383
深南大道,深南大道_2,22.798504898528424,114.0208034078472,night,3.295572593667354,50.226564437995876,0.6591145187334708
深南大道,深南大道_3,22.769834695424795,113.94821743005924,morning_peak,9.605502598353777,12.36698440987734,1.9211005196707553
深南大道,深南大道_3,22.468503351129034,113.93602156473617,midday,6.606701876621713,30.35978874026972,1.3213403753243427
深南大道,深南大道_3,22.440128736731047,114.13602524899748,evening_peak,8.94722397638318,16.316656141700918,1.789444795276636
深南大道,深南大道_3,22.581163356409075,113.98615182253968,night,2.8294954164960835,53.0230275010235,0.5658990832992167
深南大道,深南大道_4,22.600991284991252,114.08531213309729,morning_peak,8.193998886605907,20.836006680364555,1.6387997773211815
深南大道,深南大道_4,22.251900234227758,114.1101370246207,midday,5.333258358253604,38.000449850478375,1.0666516716507208
深南大道,深南大道_4,22.628645581368314,114.21350659675372,evening_peak,7.505333155428159,24.968001067431047,1.5010666310856318
深南大道,深南大道_4,22.568518198987842,114.3287871357996,night,2.5013359273922244,54.99198443564666,0.5002671854784448
深南大道,深南大道_5,22.79164190957088,114.24615977299176,morning_peak,9.388669445490297,13.667983327058217,1.8777338890980595
深南大道,深南大道_5,22.332495113582116,114.07387427836137,midday,4.326755025540194,44.039469846758834,0.8653510051080389
深南大道,深南大道_5,22.529117285024693,113.99451919429102,evening_peak,7.738208976393995,23.57074614163603,1.547641795278799
深南大道,深南大道_5,22.69122542968149,114.18719454425957,night,2.64824271529136,54.11054370825184,0.529648543058272
北环大道,北环大道_0,22.247637724986884,114.14638482849277,morning_peak,6.783111942734184,29.301328343594896,1.3566223885468367
北环大道,北环大道_0,22.38918937794578,114.31412072687779,midday,6.6940916468499605,29.83545011890024,1.338818329369992
北环大道,北环大道_0,22.803761616083307,113.96887361234378,evening_peak,7.180802170868683,26.9151869747879,1.4361604341737366
北环大道,北环大道_0,22.534623055511794,113.91196594063231,night,1.3042624853476497,62.1744250879141,0.26085249706952995
北环大道,北环大道_1,22.42747397895577,114.2397155386996,morning_peak,7.139491607847692,27.16305035291385,1.4278983215695384
北环大道,北环大道_1,22.429884619493603,114.12410026998656,midday,5.617483830025764,36.295097019845414,1.1234967660051527
北环大道,北环大道_1,22.40667440044012,114.00602946091522,evening_peak,9.14845202266958,15.109287863982516,1.8296904045339162
北环大道,北环大道_1,22.351789609720807,114.166570712379,night,1.3656582800108428,61.80605031993494,0.27313165600216854
北环大道,北环大道_2,22.558198030200234,114.18332775703347,morning_peak,6.725753390782508,29.645479655304953,1.3451506781565015
北环大道,北环大道_2,22.58348733177734,113.91183767022082,midday,4.320630769284231,44.07621538429461,0.8641261538568463
北环大道,北环大道_2,22.533227388031953,114.2414955298651,evening_peak,9.888780625712739,10.667316245723569,1.9777561251425477
北环大道,北环大道_2,22.26914751971289,114.13779082535642,night,2.6506796264687855,54.09592224118729,0.5301359252937571
北环大道,北环大道_3,22.6040670920878,114.24941331565607,morning_peak,9.805613368826627,11.166319787040237,1.9611226737653253
北环大道,北环大道_3,22.37994786316936,113.88512690394494,midday,6.652619390045223,30.084283659728662,1.3305238780090447
北环大道,北环大道_3,22.48971708188402,114.26181678172003,evening_peak,8.832942966552976,17.00234220068215,1.7665885933105951
北环大道,北环大道_3,22.455152827581628,113.90002233538469,night,3.7000693701940337,47.799583778835796,0.7400138740388067
北环大道,北环大道_4,22.40798362132888,114.2514685911082,morning_peak,9.122102060975447,15.267387634147319,1.8244204121950893
北环大道,北环大道_4,22.643629939574883,113.81522118830081,midday,5.271214760946289,38.37271143432227,1.0542429521892578
北环大道,北环大道_4,22.514160607242335,114.10986507790528,evening_peak,8.87157797402972,16.770532155821684,1.774315594805944
北环大道,北环大道_4,22.68522424696651,114.27557824652594,night,1.5040426232345903,60.97574426059246,0.30080852464691804
北环大道,北环大道_5,22.300528733312095,113.77208315162781,morning_peak,6.866959200363103,28.798244797821383,1.3733918400726206
北环大道,北环大道_5,22.607356421653268,114.08591844762844,midday,5.925914501329798,34.44451299202122,1.1851829002659595
北环大道,北环大道_5,22.47764359754331,114.1145858011117,evening_peak,7.695841288347927,23.824952269912444,1.5391682576695853
北环大道,北环大道_5,22.83577131212893,113.83976385153404,night,2.490300576577508,55.05819654053495,0.4980601153155016
北环大道,北环大道_6,22.485691260862573,114.01481976895538,morning_peak,8.780578216190374,17.316530702857754,1.756115643238075
北环大道,北环大道_6,22.65856169079462,114.35265359622132,midday,6.1527932969745285,33.08324021815283,1.2305586593949056
北环大道,北环大道_6,22.3055657896305,114.19250329027724,evening_peak,7.385182868362376,25.688902789825747,1.4770365736724753
北环大道,北环大道_6,22.407596399935883,113.80555162139339,night,2.7351607510192273,53.58903549388464,0.5470321502038454
北环大道,北环大道_7,22.77961452479847,113.87302039483124,morning_peak,6.342632998385723,31.944202009685668,1.2685265996771444
北环大道,北环大道_7,22.379093841336193,113.97089778349917,midday,4.970114686346562,40.179311881920626,0.9940229372693125
北环大道,北环大道_7,22.55453587454496,113.79846753815534,evening_peak,7.20827152823828,26.75037083057032,1.4416543056476558
北环大道,北环大道_7,22.38332724914626,114.08190714876271,night,3.4010695234670845,49.5935828591975,0.6802139046934169
北环大道,北环大道_8,22.633626421428314,114.07767467193081,morning_peak,9.520316350245833,12.878101898525003,1.9040632700491666
北环大道,北环大道_8,22.442901147834917,114.15959217311892,midday,4.973001259346127,40.16199244392324,0.9946002518692254
北环大道,北环大道_8,22.640203513909626,114.09257005042201,evening_peak,9.982418083663502,10.105491498018992,1.9964836167327005
北环大道,北环大道_8,22.52222336737023,113.79398540556048,night,3.191951530717738,50.848290815693574,0.6383903061435476
滨河大道,滨河大道_0,22.348281765414594,114.17190293449241,morning_peak,9.830501138021521,11.016993171870872,1.9661002276043043
滨河大道,滨河大道_0,22.564596610683846,113.81590586978804,midday,4.60280106597717,42.38319360413698,0.920560213195434
滨河大道,滨河大道_0,22.696797997337146,113.96644291454339,evening_peak,8.351112808774555,19.893323147352667,1.6702225617549111
滨河大道,滨河大道_0,22.720369976473837,114.31420669168767,night,2.9947351734616543,52.03158895923008,0.5989470346923309
滨河大道,滨河大道_1,22.482689549485585,113.84934960799825,morning_peak,6.938568327421814,28.36859003546911,1.387713665484363
滨河大道,滨河大道_1,22.799300580754576,114.08187427816834,midday,6.977450506475126,28.135296961149244,1.3954901012950252
滨河大道,滨河大道_1,22.555674786363223,114.13205141280166,evening_peak,9.526099883129264,12.843400701224411,1.9052199766258529
滨河大道,滨河大道_1,22.696262252298084,113.83452809018114,night,1.2673732963480497,62.3957602219117,0.25347465926960994
滨河大道,滨河大道_2,22.712316852602232,114.1831468186458,morning_peak,9.304270521010114,14.174376873939316,1.8608541042020228
滨河大道,滨河大道_2,22.424977013567197,113.91576754194651,midday,4.108481141574286,45.34911315055429,0.8216962283148572
滨河大道,滨河大道_2,22.295685648058303,114.32007469381864,evening_peak,8.080409222414557,21.51754466551266,1.6160818444829115
滨河大道,滨河大道_2,22.426414586394813,113.99608891024458,night,2.6614067221371287,54.03155966717723,0.5322813444274257
滨河大道,滨河大道_3,22.60345660001637,114.0673076566179,morning_peak,7.788810162019343,23.267139027883943,1.5577620324038686
滨河大道,滨河大道_3,22.541278089743496,114.35319480889399,midday,6.758175919643252,29.450944482140486,1.3516351839286505
滨河大道,滨河大道_3,22.3682063086144,114.31625712878635,evening_peak,9.554274873235288,12.674350760588268,1.9108549746470576
滨河大道,滨河大道_3,22.733569825094715,113.98627397608595,night,1.3490991936564283,61.90540483806143,0.2698198387312857
滨河大道,滨河大道_4,22.763934014064468,114.24145524007058,morning_peak,9.511897281780278,12.928616309318329,1.9023794563560557
滨河大道,滨河大道_4,22.425907483458822,113.80645156983076,midday,6.370091308921184,31.77945214647289,1.2740182617842368
滨河大道,滨河大道_4,22.347214708991903,114.17487065334149,evening_peak,8.208940536295485,20.746356782227096,1.641788107259097
滨河大道,滨河大道_4,22.828466120515948,114.14248324640721,night,2.0382991796133565,57.77020492231986,0.4076598359226713
滨河大道,滨河大道_5,22.32261480364511,114.27510868936358,morning_peak,9.289922254537444,14.260466472775335,1.8579844509074888
滨河大道,滨河大道_5,22.535337151291362,114.12165176265059,midday,6.768271571540183,29.390370570758904,1.3536543143080366
滨河大道,滨河大道_5,22.348003176356247,114.05943964587807,evening_peak,9.294429402708987,14.233423583746074,1.8588858805417974
滨河大道,滨河大道_5,22.330924395297348,113.97842065337493,night,2.195989083316939,56.824065500098364,0.4391978166633878
滨河大道,滨河大道_6,22.25858714416969,113.8389997734929,morning_peak,6.272689237541974,32.363864574748156,1.2545378475083948
滨河大道,滨河大道_6,22.57281772153701,114.33739329669194,midday,6.889345334767522,28.66392799139487,1.3778690669535043
滨河大道,滨河大道_6,22.430189679851154,114.06158511770415,evening_peak,8.297493634990396,20.215038190057626,1.6594987269980792
滨河大道,滨河大道_6,22.306498810557045,114.14239578881413,night,2.3185350658987303,56.08878960460762,0.46370701317974605
滨河大道,滨河大道_7,22.614852772938697,114.1480206554389,morning_peak,6.864152730038398,28.81508361976961,1.3728305460076797
滨河大道,滨河大道_7,22.2799097762664,114.22635695164107,midday,4.456074559385945,43.263552643684335,0.8912149118771889
滨河大道,滨河大道_7,22.277998277303283,114.35481979030186,evening_peak,8.37940127130796,19.72359237215224,1.675880254261592
滨河大道,滨河大道_7,22.66012113731513,114.34810735515805,night,1.1733416829891,62.959949902065404,0.23466833659782
滨河大道,滨河大道_8,22.328449621212318,113.83073096365347,morning_peak,6.9567204168637025,28.259677498817787,1.3913440833727404
滨河大道,滨河大道_8,22.303727486606387,114.17319680501649,midday,4.909825442702787,40.541047343783276,0.9819650885405574
滨河大道,滨河大道_8,22.548753276889872,114.35591811231178,evening_peak,7.186875394390188,26.878747633658875,1.4373750788780375
滨河大道,滨河大道_8,22.612231662938605,113.94165217247198,night,3.4419108085180565,49.348535148891656,0.6883821617036113
滨河大道,滨河大道_9,22.55932487834699,114.01355003033423,morning_peak,8.495583345166555,19.02649992900067,1.699116669033311
滨河大道,滨河大道_9,22.77506252914428,114.0277707892928,midday,4.392131130220599,43.647213218676406,0.8784262260441198
滨河大道,滨河大道_9,22.463755610526373,114.00637785151736,evening_peak,7.5838675354622955,24.49679478722623,1.516773507092459
滨河大道,滨河大道_9,22.68326862833684,114.2194829361848,night,3.4826136867006228,49.10431787979626,0.6965227373401246
滨河大道,滨河大道_10,22.492792398907856,114.0467064909812,morning_peak,6.044125057714589,33.735249653712465,1.2088250115429178
滨河大道,滨河大道_10,22.39898792524702,114.21407389387329,midday,4.05757683046917,45.65453901718498,0.811515366093834
滨河大道,滨河大道_10,22.564286078871554,113.88702112321035,evening_peak,7.411329117186997,25.532025296878018,1.4822658234373995
滨河大道,滨河大道_10,22.387820874559726,114.34342425294604,night,1.0363623239316797,63.78182605640992,0.20727246478633593
滨河大道,滨河大道_11,22.81884598659262,114.05061242635583,morning_peak,9.206148447531959,14.763109314808247,1.8412296895063918
滨河大道,滨河大道_11,22.571875693384214,114.03052640073598,midday,4.329208596032511,44.02474842380494,0.8658417192065022
滨河大道,滨河大道_11,22.301949548470546,114.05084468221307,evening_peak,9.533071248218848,12.80157251068691,1.9066142496437695
滨河大道,滨河大道_11,22.437905556134034,114.20031424643268,night,1.4501459940819528,61.299124035508285,0.29002919881639055
滨河大道,滨河大道_12,22.468632971087462,113.99458576714203,morning_peak,7.904072517475067,22.575564895149597,1.5808145034950134
滨河大道,滨河大道_12,22.714109926302232,114.29315081336415,midday,5.37834030521796,37.72995816869224,1.075668061043592
滨河大道,滨河大道_12,22.715242031753178,113.94714413744882,evening_peak,9.866004059511784,10.803975642929295,1.9732008119023567
滨河大道,滨河大道_12,22.505661874433233,113.91070237322764,night,3.0644041182596267,51.61357529044224,0.6128808236519253
滨河大道,滨河大道_13,22.266155809377395,114.29895719528126,morning_peak,9.36348631770369,13.819082093777851,1.8726972635407382
滨河大道,滨河大道_13,22.625420886084967,114.15351235332348,midday,5.384432393874203,37.69340563675478,1.0768864787748407
滨河大道,滨河大道_13,22.62510180930032,114.12626015085604,evening_peak,9.685353222119609,11.887880667282346,1.9370706444239219
滨河大道,滨河大道_13,22.55414481316712,113.84800140049023,night,1.19995612168207,62.80026326990758,0.239991224336414
滨海大道,滨海大道_0,22.271798492236464,113.78071310894248,morning_peak,7.773092349774473,23.361445901353164,1.5546184699548946
滨海大道,滨海大道_0,22.63852132052221,114.23917833487656,midday,6.238621772445516,32.568269365326906,1.2477243544891032
滨海大道,滨海大道_0,22.264442520221326,114.06304757366856,evening_peak,7.316102601858418,26.10338438884949,1.4632205203716837
滨海大道,滨海大道_0,22.520268162002573,114.35285304532216,night,2.1627856944483086,57.02328583331015,0.43255713888966174
滨海大道,滨海大道_1,22.808489233803915,114.22820560606061,morning_peak,9.882999830682682,10.70200101590391,1.9765999661365363
滨海大道,滨海大道_1,22.490378558157662,114.08766962623136,midday,5.0645240807706715,39.61285551537597,1.0129048161541343
滨海大道,滨海大道_1,22.28432769951096,114.01247813153094,evening_peak,9.49160336921452,13.05037978471288,1.898320673842904
滨海大道,滨海大道_1,22.551894551944105,114.29724049440374,night,1.247852990377806,62.512882057733165,0.2495705980755612
滨海大道,滨海大道_2,22.379805450525865,114.34349450975928,morning_peak,9.129939698255752,15.22036181046549,1.8259879396511505
滨海大道,滨海大道_2,22.24935661963844,113.91114809081114,midday,6.002051194139285,33.98769283516429,1.200410238827857
滨海大道,滨海大道_2,22.284652583771514,114.33379591084557,evening_peak,7.782139899759749,23.307160601441502,1.5564279799519498
滨海大道,滨海大道_2,22.78058875842313,113.95122930206678,night,2.4347658837277715,55.39140469763337,0.4869531767455543
滨海大道,滨海大道_3,22.527701665943727,113.82627398082859,morning_peak,6.5009342817313085,30.994394309612147,1.3001868563462617
滨海大道,滨海大道_3,22.795278308731643,114.07036088510053,midday,5.45804650893262,37.251720946404276,1.091609301786524
滨海大道,滨海大道_3,22.337083062184284,113.78414137552798,evening_peak,8.84949918068525,16.903004915888502,1.76989983613705
滨海大道,滨海大道_3,22.60221894541062,113.81490701939539,night,1.3324238865394211,62.00545668076347,0.2664847773078842
滨海大道,滨海大道_4,22.573155164274894,113.99109167917791,morning_peak,7.503971559765246,24.97617064140853,1.5007943119530491
滨海大道,滨海大道_4,22.407374784508463,114.31489051970915,midday,4.491051404395904,43.053691573624576,0.8982102808791808
滨海大道,滨海大道_4,22.540728703207932,113.76552893399214,evening_peak,9.027946826759067,15.8323190394456,1.8055893653518134
滨海大道,滨海大道_4,22.645972960936785,113.94805348640698,night,3.9772462014684105,46.136522791189535,0.7954492402936821
沙河西路,沙河西路_0,22.794455920183733,113.90924461210402,morning_peak,9.386057354761112,13.68365587143333,1.8772114709522225
沙河西路,沙河西路_0,22.519423698364484,114.26309913173404,midday,6.265125786238835,32.409245282566985,1.253025157247767
沙河西路,沙河西路_0,22.708968467899833,114.15159710260865,evening_peak,9.18547203148484,14.887167811090961,1.837094406296968
沙河西路,沙河西路_0,22.570116151338162,114.34870184371471,night,1.5322863084091205,60.806282149545275,0.3064572616818241
沙河西路,沙河西路_1,22.269004241478207,113.85678888943767,morning_peak,9.749552265988475,11.502686404069152,1.949910453197695
沙河西路,沙河西路_1,22.678687945991175,114.24857119791417,midday,4.395186320363686,43.628882077817885,0.8790372640727371
沙河西路,沙河西路_1,22.546611615771095,114.26232181680672,evening_peak,7.640534098932016,24.156795406407902,1.5281068197864032
沙河西路,沙河西路_1,22.56844232329511,114.11210861427527,night,3.1984046342987518,50.80957219420749,0.6396809268597503
沙河西路,沙河西路_2,22.42162907079129,114.09691319571542,morning_peak,8.03344218766512,21.79934687400928,1.606688437533024
沙河西路,沙河西路_2,22.767093749516484,114.13967481238755,midday,6.066655906150272,33.60006456309837,1.2133311812300545
沙河西路,沙河西路_2,22.339142980972742,114.03483448465188,evening_peak,9.283364611129475,14.299812333223151,1.8566729222258949
沙河西路,沙河西路_2,22.391107318712972,114.1937770290678,night,1.02799485948128,63.83203084311232,0.205598971896256
沙河西路,沙河西路_3,22.302606859752327,113.99879658951677,morning_peak,9.967239805397455,10.196561167615272,1.9934479610794908
沙河西路,沙河西路_3,22.365521380777338,114.09095096958137,midday,6.400212906097479,31.59872256341513,1.2800425812194958
沙河西路,沙河西路_3,22.612691270156105,113.87071484076925,evening_peak,9.199213888089025,14.804716671465854,1.839842777617805
沙河西路,沙河西路_3,22.71337507069124,114.09043590847921,night,2.0661537060572184,57.603077763656685,0.41323074121144365
沙河西路,沙河西路_4,22.699694456016854,113.77908681296415,morning_peak,6.020918454171651,33.87448927497009,1.2041836908343302
沙河西路,沙河西路_4,22.364588336099143,114.33274408807164,midday,6.237201348193697,32.57679191083782,1.2474402696387394
沙河西路,沙河西路_4,22.439258969802847,113.84723283019947,evening_peak,8.103822253906253,21.377066476562476,1.6207644507812506
沙河西路,沙河西路_4,22.76909045709692,114.35570060257635,night,1.9168126464706448,58.49912412117613,0.38336252929412895
沙河西路,沙河西路_5,22.512266378572726,114.19114256292164,morning_peak,7.473238122027393,25.160571267835643,1.4946476244054785
沙河西路,沙河西路_5,22.59892660051207,113.9928154189067,midday,6.658587341395224,30.04847595162866,1.3317174682790447
沙河西路,沙河西路_5,22.660470887898082,113.75983095816257,evening_peak,8.23786552254587,20.572806864724775,1.6475731045091742
沙河西路,沙河西路_5,22.456395806264812,114.23441839876625,night,2.858768012379522,52.84739192572287,0.5717536024759043
沙河西路,沙河西路_6,22.596021360169033,114.04648373393168,morning_peak,6.371962559292529,31.768224644244825,1.2743925118585058
沙河西路,沙河西路_6,22.28201215668978,114.10589027245688,midday,5.926976577715682,34.438140533705905,1.1853953155431365
沙河西路,沙河西路_6,22.579496056649702,114.11999259995788,evening_peak,8.68445376387857,17.89327741672858,1.736890752775714
沙河西路,沙河西路_6,22.726093399808462,113.91979243207693,night,3.029403811679087,51.82357712992548,0.6058807623358173
沙河西路,沙河西路_7,22.542053409358072,113.8041349674806,morning_peak,9.30019764072025,14.198814155678505,1.8600395281440498
沙河西路,沙河西路_7,22.443642991217637,114.22883818626688,midday,4.175652787731938,44.94608327360837,0.8351305575463875
沙河西路,沙河西路_7,22.71626897880344,114.06826143386498,evening_peak,9.123042804222747,15.261743174663522,1.8246085608445495
沙河西路,沙河西路_7,22.331571516023768,113.95481565216559,night,2.320596993866472,56.07641803680117,0.4641193987732944
沙河西路,沙河西路_8,22.29626025780777,113.89026717162673,morning_peak,7.7360774646955015,23.58353521182699,1.5472154929391002
沙河西路,沙河西路_8,22.684497868543513,114.35690850683578,midday,5.794675882191217,35.2319447068527,1.1589351764382434
沙河西路,沙河西路_8,22.628639119721115,114.01064883197645,evening_peak,9.799339994030673,11.203960035815967,1.9598679988061345
沙河西路,沙河西路_8,22.71449097084814,113.82890171455404,night,2.9085320941246984,52.54880743525181,0.5817064188249397
沙河西路,沙河西路_9,22.74698137138137,113.98819977115983,morning_peak,7.639619558785153,24.162282647289082,1.5279239117570307
沙河西路,沙河西路_9,22.59576161651732,113.86858575188019,midday,5.715616813681559,35.706299117910646,1.1431233627363118
沙河西路,沙河西路_9,22.443806773245157,113.77361802511925,evening_peak,8.086706324956864,21.479762050258813,1.617341264991373
沙河西路,沙河西路_9,22.742118226205463,113.92174248598369,night,1.0725752916740658,63.56454824995561,0.21451505833481316
沙河西路,沙河西路_10,22.422335344153264,114.3223075470692,morning_peak,8.072315064955262,21.566109610268427,1.6144630129910524
沙河西路,沙河西路_10,22.50089408764336,114.28153815029077,midday,4.777890276597321,41.332658340416074,0.9555780553194643
沙河西路,沙河西路_10,22.354760850707766,114.23948598587744,evening_peak,9.525800700375425,12.84519579774745,1.905160140075085
沙河西路,沙河西路_10,22.53288132325121,113.83798798344957,night,2.374560660213678,55.75263603871793,0.47491213204273564
科技园路,科技园路_0,22.785447998156222,114.30353411520504,morning_peak,6.199368111131767,32.8037913332094,1.2398736222263533
科技园路,科技园路_0,22.24731752228817,113.79226815064658,midday,6.340639190290307,31.956164858258155,1.2681278380580614
科技园路,科技园路_0,22.321909644886944,113.99720161782224,evening_peak,7.675671106805469,23.945973359167184,1.5351342213610937
科技园路,科技园路_0,22.5263362605182,113.7659415758593,night,3.767869174263369,47.39278495441978,0.7535738348526738
科技园路,科技园路_1,22.269856945023776,113.7796725735681,morning_peak,7.130982758315048,27.214103450109718,1.4261965516630095
科技园路,科技园路_1,22.408467403207368,114.23017596156096,midday,4.827159559286657,41.037042644280056,0.9654319118573313
科技园路,科技园路_1,22.465824256334,114.01523212731662,evening_peak,9.924503958343335,10.452976249939994,1.984900791668667
科技园路,科技园路_1,22.403983412057308,113.85172908264207,night,3.534368308858064,48.79379014685161,0.7068736617716128
科技园路,科技园路_2,22.27100035186404,114.12971966411965,morning_peak,9.412358493614601,13.525849038312394,1.8824716987229202
科技园路,科技园路_2,22.450652268501017,113.94701371265842,midday,5.68597854240042,35.88412874559748,1.137195708480084
科技园路,科技园路_2,22.294954766457526,113.89997058558683,evening_peak,9.315573178544863,14.106560928730822,1.8631146357089725
科技园路,科技园路_2,22.572092350235852,113.83469292512015,night,3.1973461955142692,50.81592282691439,0.6394692391028538
科技园路,科技园路_3,22.479168707938154,114.2546210251933,morning_peak,9.52854245712824,12.828745257230551,1.9057084914256481
科技园路,科技园路_3,22.617755267883037,114.05458867877707,midday,6.363139046583126,31.82116572050124,1.2726278093166252
科技园路,科技园路_3,22.33007904342789,114.19299343653067,evening_peak,9.93865252114527,10.368084873128382,1.987730504229054
科技园路,科技园路_3,22.446057863199407,113.94311924602393,night,1.573572104394367,60.5585673736338,0.31471442087887336
科技园路,科技园路_4,22.823513706672966,113.86770926654084,morning_peak,9.788143950954892,11.271136294270647,1.9576287901909784
科技园路,科技园路_4,22.675104823797867,114.00869396032229,midday,4.066105480892513,45.603367114644925,0.8132210961785026
科技园路,科技园路_4,22.653352463346224,114.08496331695642,evening_peak,7.266520735262693,26.400875588423844,1.4533041470525387
科技园路,科技园路_4,22.379545697516825,114.00028672579593,night,3.941550466003318,46.35069720398009,0.7883100932006636
科技园路,科技园路_5,22.71811999307201,114.08720319403204,morning_peak,8.17018321358169,20.978900718509855,1.6340366427163382
科技园路,科技园路_5,22.378788230953962,114.26605123685314,midday,5.838700482585848,34.967797104484916,1.1677400965171696
科技园路,科技园路_5,22.32767577651306,114.15641274870326,evening_peak,8.285891640911426,20.28465015453144,1.6571783281822854
科技园路,科技园路_5,22.301637506143578,114.27509214504256,night,1.6482713595559226,60.11037184266446,0.3296542719111845
科技园路,科技园路_6,22.692670227617466,113.93225253588382,morning_peak,7.840649057953758,22.95610565227745,1.5681298115907516
科技园路,科技园路_6,22.310261556212918,113.97148402427692,midday,6.360910404752999,31.83453757148201,1.2721820809505997
科技园路,科技园路_6,22.719493829820802,114.05625355818881,evening_peak,9.934185453920586,10.394887276476481,1.986837090784117
科技园路,科技园路_6,22.766381420013484,114.08480865545071,night,2.019332414685655,57.88400551188607,0.403866482937131
科技园路,科技园路_7,22.6955646081897,113.7686674071411,morning_peak,9.033700071476444,15.79779957114134,1.8067400142952887
科技园路,科技园路_7,22.638877619836844,113.85487188677152,midday,4.37876134837784,43.72743190973296,0.8757522696755681
科技园路,科技园路_7,22.811082772519764,114.09400935502495,evening_peak,7.766480033966814,23.40111979619912,1.5532960067933628
科技园路,科技园路_7,22.577888443269583,114.08940816886964,night,3.2521885209980415,50.48686887401175,0.6504377041996083
南坪快速,南坪快速_0,22.788632123516933,114.08112107877163,morning_peak,7.855725507249331,22.865646956504015,1.5711451014498663
南坪快速,南坪快速_0,22.306384219973978,114.15196806283458,midday,5.493437524102871,37.039374855382775,1.0986875048205742
南坪快速,南坪快速_0,22.471352004504535,114.2232671105552,evening_peak,9.466309481800677,13.202143109195944,1.8932618963601353
南坪快速,南坪快速_0,22.365359875476614,114.07189777871685,night,3.893429961702435,46.63942022978539,0.778685992340487
南坪快速,南坪快速_1,22.718812651420304,114.1044560195287,morning_peak,7.148551832338303,27.108689005970184,1.4297103664676605
南坪快速,南坪快速_1,22.721848495769535,113.99548228359748,midday,5.903747252650911,34.57751648409453,1.180749450530182
南坪快速,南坪快速_1,22.562917320347683,113.85267289370121,evening_peak,9.74527020522113,11.528378768673221,1.949054041044226
南坪快速,南坪快速_1,22.719056810262952,113.94795700624051,night,3.0876973545064073,51.47381587296155,0.6175394709012815
南坪快速,南坪快速_2,22.786785952859457,113.9240426924267,morning_peak,9.428717027995011,13.427697832029935,1.8857434055990023
南坪快速,南坪快速_2,22.327526916829253,113.8791094010415,midday,6.9505644181456665,28.296613491126003,1.3901128836291332
南坪快速,南坪快速_2,22.77949382600472,114.15047553139497,evening_peak,7.552674517714078,24.683952893715528,1.5105349035428157
南坪快速,南坪快速_2,22.50729405102101,114.12707881504188,night,1.4563128496668187,61.26212290199909,0.29126256993336375
南坪快速,南坪快速_3,22.772549821044404,114.24006212126493,morning_peak,6.333856339957533,31.996861960254805,1.2667712679915066
南坪快速,南坪快速_3,22.823375969155503,114.00855658756507,midday,5.515620320729915,36.90627807562051,1.103124064145983
南坪快速,南坪快速_3,22.643851999282177,114.13870276395237,evening_peak,9.952330957109494,10.28601425734304,1.9904661914218988
南坪快速,南坪快速_3,22.772256654982787,114.01439381275237,night,1.497864685887355,61.01281188467587,0.299572937177471
南坪快速,南坪快速_4,22.250664511985455,114.09375341018303,morning_peak,6.648933623129917,30.106398261220498,1.3297867246259834
南坪快速,南坪快速_4,22.674712173421494,114.29205483181069,midday,5.582198866368029,36.506806801791825,1.1164397732736058
南坪快速,南坪快速_4,22.681997894204216,113.87034716645856,evening_peak,7.238219753929089,26.570681476425463,1.4476439507858179
南坪快速,南坪快速_4,22.734538108316993,114.08237625299132,night,3.574531159471492,48.55281304317105,0.7149062318942984
南坪快速,南坪快速_5,22.43171006791025,114.04060073935969,morning_peak,8.840971194493246,16.954172833040523,1.7681942388986491
南坪快速,南坪快速_5,22.518659118303926,113.97257895919527,midday,6.464910693131415,31.21053584121151,1.292982138626283
南坪快速,南坪快速_5,22.74004955146233,113.95902482842253,evening_peak,8.4826373417509,19.104175949494604,1.69652746835018
南坪快速,南坪快速_5,22.670308412198466,114.25348692762485,night,1.5212847794072313,60.87229132355661,0.30425695588144624
南坪快速,南坪快速_6,22.387024467653564,113.8430831938566,morning_peak,6.402549914094133,31.584700515435202,1.2805099828188267
南坪快速,南坪快速_6,22.513310587343245,114.20719580217799,midday,5.0438242347465,39.737054591521,1.0087648469493
南坪快速,南坪快速_6,22.61565714048706,113.96932496796579,evening_peak,8.953442754645023,16.279343472129867,1.7906885509290045
南坪快速,南坪快速_6,22.5258723004389,114.34536296280909,night,3.52434265925428,48.85394404447432,0.704868531850856
南坪快速,南坪快速_7,22.3188588449387,114.16360653724526,morning_peak,8.536568553182947,18.780588680902312,1.7073137106365894
南坪快速,南坪快速_7,22.65489631801166,113.79968468889744,midday,4.975312046295097,40.14812772222942,0.9950624092590195
南坪快速,南坪快速_7,22.75654235534347,113.8942077342141,evening_peak,7.5246443115278785,24.85213413083273,1.5049288623055757
南坪快速,南坪快速_7,22.410665653072645,114.14362914603522,night,3.51112337572882,48.93325974562708,0.702224675145764
南坪快速,南坪快速_8,22.55069285188703,113.94108640601804,morning_peak,8.776602294039325,17.34038623576405,1.755320458807865
南坪快速,南坪快速_8,22.263013612737456,113.94026784074444,midday,4.637933129113288,42.17240122532027,0.9275866258226577
南坪快速,南坪快速_8,22.80608289106909,114.28062268935784,evening_peak,8.95948837159385,16.243069770436904,1.7918976743187698
南坪快速,南坪快速_8,22.71616840595198,114.1568909420856,night,3.2981943296059075,50.21083402236455,0.6596388659211815
南坪快速,南坪快速_9,22.787417018423497,114.16033938714351,morning_peak,7.041147430264012,27.75311541841593,1.4082294860528024
南坪快速,南坪快速_9,22.30969368152809,114.02613332628385,midday,5.68132189294132,35.91206864235208,1.136264378588264
南坪快速,南坪快速_9,22.761838165713602,114.08588893211268,evening_peak,8.381074813605778,19.71355111836533,1.6762149627211556
南坪快速,南坪快速_9,22.829180197106396,113.8243323559958,night,2.141201646911229,57.15279011853262,0.4282403293822458
南坪快速,南坪快速_10,22.268314805102843,114.20184247246016,morning_peak,7.690193713247778,23.858837720513336,1.5380387426495556
南坪快速,南坪快速_10,22.411122397730292,114.27290500607947,midday,6.754229656597452,29.474622060415292,1.3508459313194903
南坪快速,南坪快速_10,22.789562096986348,114.21027714215808,evening_peak,7.876654691385693,22.74007185168584,1.5753309382771385
南坪快速,南坪快速_10,22.25390393336027,114.33558621424442,night,3.414720330524316,49.511678016854106,0.6829440661048631
南坪快速,南坪快速_11,22.425950657231677,114.25553679891532,morning_peak,8.906683968281293,16.559896190312244,1.7813367936562585
南坪快速,南坪快速_11,22.766752303739676,113.82544823424716,midday,4.844563595244789,40.93261842853126,0.9689127190489579
南坪快速,南坪快速_11,22.567519085986945,113.81582068211726,evening_peak,9.111057932382387,15.333652405705678,1.8222115864764774
南坪快速,南坪快速_11,22.250542421766387,114.0391607792787,night,1.725681484776517,59.6459110913409,0.3451362969553034
福龙路,福龙路_0,22.28764452379303,113.8937108966049,morning_peak,9.29813923234813,14.211164605911222,1.8596278464696259
福龙路,福龙路_0,22.602384977830095,113.7965947627495,midday,6.190738441270438,32.85556935237737,1.2381476882540876
福龙路,福龙路_0,22.769457057695707,113.95614480232547,evening_peak,9.6317183714866,12.209689771080392,1.9263436742973201
福龙路,福龙路_0,22.836517015010102,114.13360570295589,night,2.021217530048694,57.87269481970784,0.4042435060097388
福龙路,福龙路_1,22.745991310131153,113.9290742030144,morning_peak,8.125266082272237,21.24840350636658,1.6250532164544473
福龙路,福龙路_1,22.403766005293,114.23139650795325,midday,5.287547780189071,38.27471331886558,1.057509556037814
福龙路,福龙路_1,22.638395042084042,113.90928434990364,evening_peak,8.720048036905654,17.679711778566073,1.7440096073811309
福龙路,福龙路_1,22.536124777389762,114.2004394494557,night,1.6606759041319452,60.03594457520833,0.33213518082638904
福龙路,福龙路_2,22.2626874065274,114.27903090379218,morning_peak,8.100959030080642,21.39424581951615,1.6201918060161282
福龙路,福龙路_2,22.81659469023245,113.77298517496637,midday,4.194060680545395,44.83563591672763,0.8388121361090789
福龙路,福龙路_2,22.292424238227067,114.30430594766109,evening_peak,9.083351368392126,15.499891789647243,1.8166702736784253
福龙路,福龙路_2,22.32561426489021,113.96238941987392,night,2.3932997086766283,55.64020174794023,0.47865994173532567
福龙路,福龙路_3,22.345449146934254,114.32676499210287,morning_peak,6.659298701387048,30.044207791677714,1.3318597402774095
福龙路,福龙路_3,22.716381358343213,114.14166333670661,midday,5.335738336854364,37.98556997887381,1.0671476673708729
福龙路,福龙路_3,22.32211606308322,113.8984106680893,evening_peak,9.029279087015176,15.824325477908943,1.8058558174030352
福龙路,福龙路_3,22.82555972388487,113.9155053855592,night,3.3602510054633106,49.83849396722014,0.6720502010926621
福龙路,福龙路_4,22.52683827968654,114.34820418771326,morning_peak,7.086275059004159,27.48234964597504,1.4172550118008318
福龙路,福龙路_4,22.48728314578056,114.2927880093741,midday,4.806876837479413,41.158738975123526,0.9613753674958826
福龙路,福龙路_4,22.26695957899314,114.12034300624273,evening_peak,7.008763097864086,27.947421412815487,1.4017526195728172
福龙路,福龙路_4,22.386413996241156,114.03968506480842,night,3.722140494138541,47.667157035168756,0.7444280988277082
福龙路,福龙路_5,22.526882807657305,114.13141181743785,morning_peak,7.801861206631273,23.188832760212364,1.5603722413262546
福龙路,福龙路_5,22.511580884793474,114.04247305225876,midday,5.409231288972052,37.54461226616769,1.0818462577944103
福龙路,福龙路_5,22.565304493010814,114.2703815985903,evening_peak,8.772602323813125,17.36438605712125,1.754520464762625
福龙路,福龙路_5,22.743090242883806,114.26425476756704,night,1.1484905604809998,63.109056637114,0.22969811209619997
福龙路,福龙路_6,22.52081117300951,114.02102309312247,morning_peak,7.139632086123843,27.162207483256942,1.4279264172247685
福龙路,福龙路_6,22.48117810825179,113.78453266330251,midday,4.655529503062391,42.06682298162565,0.9311059006124782
福龙路,福龙路_6,22.73310930527043,113.92863738105774,evening_peak,7.833466218345203,22.99920268992878,1.5666932436690406
福龙路,福龙路_6,22.562059678762658,114.2858176064167,night,3.4546200062447427,49.27227996253154,0.6909240012489486
福龙路,福龙路_7,22.260900933838844,114.16315212452825,morning_peak,8.29911821705766,20.205290697654036,1.659823643411532
福龙路,福龙路_7,22.513458211389878,114.31555601668387,midday,4.134560704070706,45.192635775575766,0.8269121408141412
福龙路,福龙路_7,22.477023411764925,114.19581618530908,evening_peak,7.4956118180135505,25.026329091918697,1.49912236360271
福龙路,福龙路_7,22.645665802845503,113.91280395251471,night,3.6467756682845427,48.11934599029274,0.7293551336569085
福龙路,福龙路_8,22.421136584662452,114.18895753789124,morning_peak,8.698431411664865,17.809411530010806,1.739686282332973
福龙路,福龙路_8,22.675936070663774,114.27562830174745,midday,6.8620993827551215,28.827403703469273,1.3724198765510243
福龙路,福龙路_8,22.673643274838955,114.25565253411915,evening_peak,7.00631152952765,27.962130822834098,1.40126230590553
福龙路,福龙路_8,22.766058636372936,113.91191653698603,night,1.1216762126340443,63.26994272419574,0.22433524252680886
福龙路,福龙路_9,22.723312927414042,114.15549870783562,morning_peak,8.661168407912221,18.032989552526672,1.7322336815824442
福龙路,福龙路_9,22.60089291131622,114.08765019403329,midday,4.276854376219772,44.33887374268137,0.8553708752439544
福龙路,福龙路_9,22.485643837786526,113.95054865825223,evening_peak,9.700963804222814,11.794217174663117,1.9401927608445628
福龙路,福龙路_9,22.490705195650037,114.14555770500304,night,3.2495522933093985,50.50268624014361,0.6499104586618797
福龙路,福龙路_10,22.77592343861607,114.11711544139146,morning_peak,8.585800360498428,18.48519783700943,1.7171600720996856
福龙路,福龙路_10,22.32642279583791,113.82734256400722,midday,5.5064608298859605,36.961235020684235,1.1012921659771922
福龙路,福龙路_10,22.346209088796257,114.14062625559818,evening_peak,7.462964695849238,25.22221182490457,1.4925929391698476
福龙路,福龙路_10,22.56109491375585,114.2553106395273,night,3.2229437508237355,50.662337495057585,0.6445887501647471
福龙路,福龙路_11,22.735107577471613,114.17482942420558,morning_peak,9.965052906934533,10.2096825583928,1.9930105813869066
福龙路,福龙路_11,22.512411843004823,113.80853542832673,midday,5.59747809831144,36.415131410131366,1.1194956196622878
福龙路,福龙路_11,22.78918078206928,114.24271357794393,evening_peak,8.198106245184073,20.811362528895557,1.6396212490368147
福龙路,福龙路_11,22.52306467081833,114.24793392153514,night,1.6481540950350615,60.11107542978963,0.3296308190070123
福龙路,福龙路_12,22.475535551401194,114.26900474212437,morning_peak,6.26953821914209,32.38277068514746,1.253907643828418
福龙路,福龙路_12,22.289668786838863,114.08342062111936,midday,5.211693592510371,38.729838444937776,1.0423387185020743
福龙路,福龙路_12,22.597271325771896,113.89366746492854,evening_peak,9.585227484754887,12.488635091470684,1.9170454969509774
福龙路,福龙路_12,22.513174016709158,114.10545981229232,night,2.152718860412144,57.08368683752714,0.4305437720824288
布龙路,布龙路_0,22.43442009099268,114.10721924795646,morning_peak,7.723940882053185,23.65635470768089,1.544788176410637
布龙路,布龙路_0,22.60374450008014,114.1812515175863,midday,5.113517270312883,39.3188963781227,1.0227034540625766
布龙路,布龙路_0,22.467831732212073,113.85801612101926,evening_peak,9.065215055476411,15.608709667141532,1.8130430110952822
布龙路,布龙路_0,22.328656486449145,114.29195822111029,night,2.2915880153866226,56.250471907680264,0.4583176030773245
布龙路,布龙路_1,22.335775848333995,113.77316865594345,morning_peak,7.38350984295143,25.698940942291422,1.476701968590286
布龙路,布龙路_1,22.625241390472844,113.96226249994878,midday,5.9374671588594525,34.37519704684328,1.1874934317718906
布龙路,布龙路_1,22.48887733693714,113.94463049703803,evening_peak,7.215135666542953,26.709186000742278,1.4430271333085907
布龙路,布龙路_1,22.606567549671613,113.97665623691853,night,3.031361919205028,51.81182848476983,0.6062723838410056
布龙路,布龙路_2,22.835921579693355,114.03030097271767,morning_peak,6.87157021701996,28.77057869788024,1.374314043403992
布龙路,布龙路_2,22.327431780547016,114.04925381979564,midday,6.064822707340711,33.61106375595573,1.2129645414681423
布龙路,布龙路_2,22.54637307074627,114.33631044427062,evening_peak,7.082610159608397,27.50433904234962,1.4165220319216794
布龙路,布龙路_2,22.266497607544945,113.77647347455161,night,2.152620138957401,57.0842791662556,0.4305240277914802
布龙路,布龙路_3,22.339114961877915,113.77191125779692,morning_peak,7.551947039787478,24.68831776127513,1.5103894079574958
布龙路,布龙路_3,22.518213805329133,113.9314468631836,midday,6.26864084185053,32.38815494889682,1.253728168370106
布龙路,布龙路_3,22.312783376120315,114.33145129737319,evening_peak,9.700249549049442,11.79850270570335,1.9400499098098885
布龙路,布龙路_3,22.77614220338521,114.11966572588769,night,1.9419001521320585,58.348599087207646,0.38838003042641167
布龙路,布龙路_4,22.833507897926278,113.93094326269124,morning_peak,9.30682943896595,14.159023366204295,1.86136588779319
布龙路,布龙路_4,22.476789136941452,113.98920714284216,midday,6.883406456222779,28.69956126266333,1.3766812912445556
布龙路,布龙路_4,22.56794456440855,113.8503870259071,evening_peak,8.021161312763518,21.873032123418895,1.6042322625527035
布龙路,布龙路_4,22.568122887446002,114.21504108756292,night,2.6611344560740333,54.0331932635558,0.5322268912148067
布龙路,布龙路_5,22.507364810187454,113.9392999496109,morning_peak,9.334599847750342,13.992400913497946,1.8669199695500684
布龙路,布龙路_5,22.359874302022924,113.79248854931942,midday,4.778004691951283,41.3319718482923,0.9556009383902566
布龙路,布龙路_5,22.40524861527847,114.33775043151985,evening_peak,8.02734393650414,21.835936380975156,1.605468787300828
布龙路,布龙路_5,22.451466223418304,114.10618056059621,night,2.673126478750132,53.96124112749921,0.5346252957500264
布龙路,布龙路_6,22.509526249521322,114.13364059285264,morning_peak,6.556786805382782,30.65927916770331,1.3113573610765563
布龙路,布龙路_6,22.484167280392594,114.35420903333983,midday,5.4666934953773545,37.19983902773588,1.093338699075471
布龙路,布龙路_6,22.617143574895664,114.09952641670937,evening_peak,9.64094428644678,12.154334281319322,1.928188857289356
布龙路,布龙路_6,22.36388726469346,113.9949826459586,night,2.861981439473752,52.82811136315749,0.5723962878947504
布龙路,布龙路_7,22.528427622492096,114.0837147503746,morning_peak,6.157838131563597,33.052971210618416,1.2315676263127195
布龙路,布龙路_7,22.821517308299306,114.30357276656235,midday,4.683249208309629,41.900504750142225,0.9366498416619258
布龙路,布龙路_7,22.563131977259218,114.27988149578862,evening_peak,9.166429706367717,15.001421761793694,1.8332859412735434
布龙路,布龙路_7,22.71740587656493,113.83279248838011,night,1.3919570314703886,61.64825781117767,0.2783914062940777
布龙路,布龙路_8,22.408560540950813,114.28415434861091,morning_peak,9.17684265019762,14.938944098814275,1.8353685300395242
布龙路,布龙路_8,22.33237758164307,114.03550536303923,midday,6.832126281476193,29.00724231114284,1.3664252562952386
布龙路,布龙路_8,22.533144461583888,114.27602851350873,evening_peak,9.942962134488056,10.342227193071665,1.9885924268976112
布龙路,布龙路_8,22.46829794475176,113.92937013331553,night,2.7661945663939598,53.40283260163624,0.5532389132787919
布龙路,布龙路_9,22.70017891482662,113.98982430409382,morning_peak,6.812892364344349,29.122645813933907,1.36257847286887
布龙路,布龙路_9,22.538495288000707,114.10426741753989,midday,5.533826386602254,36.79704168038648,1.1067652773204508
布龙路,布龙路_9,22.831543606150056,114.0024505251443,evening_peak,9.596731436873657,12.419611378758056,1.9193462873747316
布龙路,布龙路_9,22.70181667679283,114.10201737087334,night,3.4825567663189094,49.10465940208654,0.6965113532637819
布龙路,布龙路_10,22.363384709317042,113.82345852618577,morning_peak,9.824188574447732,11.05486855331361,1.9648377148895464
布龙路,布龙路_10,22.506589889980248,114.26608131252424,midday,6.561885900866266,30.6286845948024,1.3123771801732533
布龙路,布龙路_10,22.28057455617144,114.28797885779164,evening_peak,9.679270615586244,11.924376306482536,1.9358541231172488
布龙路,布龙路_10,22.549359493402537,114.13385550665593,night,2.3449571661082667,55.9302570033504,0.4689914332216533
布龙路,布龙路_11,22.254569656657857,114.0440060809907,morning_peak,9.705530426920348,11.766817438477915,1.9411060853840696
布龙路,布龙路_11,22.676724174618936,114.17341945892227,midday,6.063166127291682,33.621003236249905,1.2126332254583363
布龙路,布龙路_11,22.422737353023006,113.9731293152502,evening_peak,7.403305388224366,25.580167670653807,1.4806610776448732
布龙路,布龙路_11,22.41035592344873,113.88432297832033,night,3.413311623038515,49.52013026176891,0.682662324607703
布龙路,布龙路_12,22.24841797106808,114.3565925134092,morning_peak,9.829792076152385,11.021247543085693,1.965958415230477
布龙路,布龙路_12,22.740181579669468,113.93467163780772,midday,6.030463896572186,33.81721662056688,1.2060927793144374
布龙路,布龙路_12,22.685821711136917,114.25838675820042,evening_peak,7.04294583300118,27.742325001992924,1.408589166600236
布龙路,布龙路_12,22.328810172380503,114.20995675335419,night,3.221428395860557,50.671429624836655,0.6442856791721114
龙岗大道,龙岗大道_0,22.728609902683417,114.28855456530118,morning_peak,9.287706543759718,14.273760737441691,1.8575413087519437
龙岗大道,龙岗大道_0,22.30574247784885,113.99736011284423,midday,6.100102818316313,33.39938309010212,1.2200205636632626
龙岗大道,龙岗大道_0,22.411300676474912,114.17034381848174,evening_peak,9.16944845939389,14.983309243636668,1.833889691878778
龙岗大道,龙岗大道_0,22.426782404527756,114.08737820176631,night,1.0734953448029572,63.55902793118226,0.21469906896059143
龙岗大道,龙岗大道_1,22.589324398677146,114.17655376564406,morning_peak,8.528359318024968,18.82984409185019,1.7056718636049937
龙岗大道,龙岗大道_1,22.30366471998651,114.27926655136748,midday,4.018266244719517,45.890402531682895,0.8036532489439034
龙岗大道,龙岗大道_1,22.310858985611606,114.26314466243915,evening_peak,9.045245932270484,15.72852440637709,1.809049186454097
龙岗大道,龙岗大道_1,22.530055930517133,113.8450179077308,night,1.7266936534737007,59.6398380791578,0.34533873069474014
龙岗大道,龙岗大道_2,22.64321265260856,113.88456748269968,morning_peak,8.840440225686827,16.95735864587904,1.7680880451373653
龙岗大道,龙岗大道_2,22.483883614531827,113.93340905464245,midday,6.590202300571006,30.458786196573968,1.3180404601142013
龙岗大道,龙岗大道_2,22.402800807509323,113.7711161527343,evening_peak,7.4569887683936065,25.258067389638363,1.4913977536787213
龙岗大道,龙岗大道_2,22.748438447806368,114.087288269665,night,2.7497724773683467,53.50136513578992,0.5499544954736694
龙岗大道,龙岗大道_3,22.26330150692832,113.88667684395529,morning_peak,6.877095847695503,28.737424913826985,1.3754191695391005
龙岗大道,龙岗大道_3,22.698866857219876,113.87060571152267,midday,5.248364284213277,38.509814294720336,1.0496728568426554
龙岗大道,龙岗大道_3,22.76326008101113,114.03026810886502,evening_peak,9.159374360064058,15.043753839615647,1.8318748720128117
龙岗大道,龙岗大道_3,22.575894408821057,114.14015450224855,night,3.4642959749277797,49.214224150433324,0.6928591949855559
龙岗大道,龙岗大道_4,22.521003630050803,113.89869206506552,morning_peak,8.10511384135281,21.369316951883135,1.6210227682705622
龙岗大道,龙岗大道_4,22.417082071366163,114.09587335857229,midday,4.909582178383138,40.542506929701176,0.9819164356766276
龙岗大道,龙岗大道_4,22.7931750144214,114.19029308716988,evening_peak,7.35986107907167,25.840833525569984,1.471972215814334
龙岗大道,龙岗大道_4,22.338274486715825,114.28709530183299,night,2.204336892739581,56.773978643562515,0.4408673785479162
龙岗大道,龙岗大道_5,22.676132931630306,113.92082822844675,morning_peak,9.29511236040466,14.229325837572034,1.859022472080932
龙岗大道,龙岗大道_5,22.304748951471453,113.87132371483652,midday,5.2073399123010065,38.75596052619396,1.0414679824602013
龙岗大道,龙岗大道_5,22.672123231310408,114.11399145778556,evening_peak,9.349049911950198,13.905700528298809,1.8698099823900396
龙岗大道,龙岗大道_5,22.593059910687828,114.03808079997818,night,3.6871801777785187,47.87691893332889,0.7374360355557037
龙岗大道,龙岗大道_6,22.8073691034417,113.80752927691462,morning_peak,7.36148298522305,25.831102088661694,1.47229659704461
龙岗大道,龙岗大道_6,22.73912879595861,113.83585795472142,midday,6.792662116182425,29.24402730290545,1.358532423236485
龙岗大道,龙岗大道_6,22.76302878904945,114.10098549816429,evening_peak,8.694953073025761,17.830281561845432,1.7389906146051524
龙岗大道,龙岗大道_6,22.808890290089625,114.01133071331058,night,3.7215994646818666,47.6704032119088,0.7443198929363734
龙岗大道,龙岗大道_7,22.804892692381493,114.1629840366898,morning_peak,7.509254645625294,24.944472126248236,1.5018509291250588
龙岗大道,龙岗大道_7,22.268475049533606,114.09667743059836,midday,4.348068044044508,43.911591735732955,0.8696136088089016
龙岗大道,龙岗大道_7,22.74964922144349,114.16340864787861,evening_peak,9.790512896315274,11.256922622108355,1.9581025792630549
龙岗大道,龙岗大道_7,22.395638830249215,114.28320673593157,night,1.4173475466732626,61.495914719960425,0.28346950933465254
龙岗大道,龙岗大道_8,22.41016364495026,113.83566039071727,morning_peak,6.731228946627602,29.61262632023439,1.3462457893255204
龙岗大道,龙岗大道_8,22.809489383217926,113.91928081895723,midday,6.028324694243233,33.8300518345406,1.2056649388486467
龙岗大道,龙岗大道_8,22.62370384382672,114.35757974892938,evening_peak,8.426219823550221,19.442681058698668,1.6852439647100443
龙岗大道,龙岗大道_8,22.542242479703425,113.9889720719415,night,1.3144241949927165,62.1134548300437,0.2628848389985433
宝安大道,宝安大道_0,22.30968651475109,114.13855448717196,morning_peak,7.903870924046624,22.576774455720255,1.5807741848093246
宝安大道,宝安大道_0,22.244828750999368,114.27327401125238,midday,6.312341854791639,32.125948871250166,1.2624683709583278
宝安大道,宝安大道_0,22.574341618792026,114.00737850041247,evening_peak,7.558069000016997,24.651585999898018,1.5116138000033994
宝安大道,宝安大道_0,22.465796968871445,114.27975790600902,night,3.158961449831591,51.04623130101045,0.6317922899663182
宝安大道,宝安大道_1,22.631727902637753,114.23564435733772,morning_peak,8.921985443835162,16.46808733698903,1.7843970887670324
宝安大道,宝安大道_1,22.26466320495293,113.9947406123069,midday,6.262069104785147,32.42758537128912,1.2524138209570295
宝安大道,宝安大道_1,22.318534561395335,114.20015793025924,evening_peak,9.79242189194947,11.24546864830318,1.958484378389894
宝安大道,宝安大道_1,22.27441917742698,114.16721632837597,night,3.923775434005989,46.457347395964064,0.7847550868011978
宝安大道,宝安大道_2,22.590605153224832,113.8091048018906,morning_peak,7.872616565204122,22.764300608775272,1.5745233130408243
宝安大道,宝安大道_2,22.64321999633055,114.25188565789243,midday,4.129020855600818,45.22587486639509,0.8258041711201637
宝安大道,宝安大道_2,22.56938343671974,113.81782009268171,evening_peak,9.346046004798902,13.923723971206584,1.8692092009597805
宝安大道,宝安大道_2,22.388233330132486,114.30454122166043,night,3.0641333315080415,51.61520001095175,0.6128266663016083
宝安大道,宝安大道_3,22.668729780252434,114.32720757349868,morning_peak,9.35306143818282,13.88163137090308,1.870612287636564
宝安大道,宝安大道_3,22.684820255036456,113.95604566760184,midday,4.094265464533819,45.43440721279709,0.8188530929067637
宝安大道,宝安大道_3,22.403105117997185,114.19281389958901,evening_peak,9.718197657059095,11.690814057645426,1.943639531411819
宝安大道,宝安大道_3,22.26809409102961,113.99648854775522,night,3.632941058952344,48.202353646285935,0.7265882117904688
宝安大道,宝安大道_4,22.516051333704553,113.91825157787616,morning_peak,9.049236128087754,15.704583231473478,1.8098472256175508
宝安大道,宝安大道_4,22.322010960149825,114.27217773591377,midday,4.65941604646957,42.04350372118258,0.931883209293914
宝安大道,宝安大道_4,22.288930966994872,113.98744819414239,evening_peak,8.726066209754668,17.643602741471994,1.7452132419509336
宝安大道,宝安大道_4,22.352143514425677,114.01920457528331,night,2.10320095241533,57.38079428550802,0.420640190483066
宝安大道,宝安大道_5,22.44818222329531,114.20131593467278,morning_peak,7.328397461572546,26.029615230564723,1.4656794923145093
宝安大道,宝安大道_5,22.62821597531321,114.10028977432856,midday,4.669790156515589,41.98125906090647,0.9339580313031177
宝安大道,宝安大道_5,22.640904407685063,114.0869292217174,evening_peak,8.704277537013603,17.774334777918384,1.7408555074027205
宝安大道,宝安大道_5,22.648448055170157,114.08607795082284,night,3.637765344539154,48.17340793276507,0.7275530689078308
宝安大道,宝安大道_6,22.606787938960085,113.93258654867111,morning_peak,9.31905248115058,14.085685113096517,1.863810496230116
宝安大道,宝安大道_6,22.334496671397606,114.29757312752767,midday,4.6212847545297135,42.27229147282172,0.9242569509059427
宝安大道,宝安大道_6,22.80552706289859,114.11987508342897,evening_peak,9.130406295394197,15.217562227634815,1.8260812590788393
宝安大道,宝安大道_6,22.278929893382532,114.16088536892762,night,2.4202026444847378,55.47878413309157,0.48404052889694754
宝安大道,宝安大道_7,22.83722533615257,113.90139526666935,morning_peak,8.328835039072924,20.026989765562455,1.6657670078145848
宝安大道,宝安大道_7,22.63367440107084,114.14465470484541,midday,5.592212065860507,36.44672760483696,1.1184424131721014
宝安大道,宝安大道_7,22.709256806196333,113.88088872571609,evening_peak,8.683880628845209,17.896716226928746,1.7367761257690417
宝安大道,宝安大道_7,22.61494074285985,114.29554506707674,night,3.1768816008232474,50.93871039506051,0.6353763201646495
宝安大道,宝安大道_8,22.432188223479532,113.9236423949851,morning_peak,9.388777756134328,13.667333463194034,1.8777555512268655
宝安大道,宝安大道_8,22.559459108549152,114.30175257834867,midday,6.944959971557344,28.33024017065594,1.3889919943114688
宝安大道,宝安大道_8,22.628791348880103,114.24381611241635,evening_peak,7.491643071341446,25.050141571951322,1.4983286142682892
宝安大道,宝安大道_8,22.445504084610214,114.19288870195443,night,3.8421857487593405,46.94688550744396,0.768437149751868
宝安大道,宝安大道_9,22.27947735563988,114.17189984238537,morning_peak,8.155252036158476,21.068487783049143,1.6310504072316951
宝安大道,宝安大道_9,22.80146408290792,114.05628746770138,midday,6.07028967471353,33.578261951718815,1.214057934942706
宝安大道,宝安大道_9,22.269838294069206,114.00728531201155,evening_peak,7.690752762131544,23.855483427210736,1.5381505524263088
宝安大道,宝安大道_9,22.699752983614324,113.97046065890463,night,1.9057501002325055,58.56549939860497,0.3811500200465011
宝安大道,宝安大道_10,22.82048612179267,114.13044515413063,morning_peak,9.796284785259376,11.222291288443742,1.9592569570518752
宝安大道,宝安大道_10,22.699612606708698,114.08601578458509,midday,6.785980861044648,29.28411483373211,1.3571961722089296
宝安大道,宝安大道_10,22.518258766108303,114.09442467801757,evening_peak,7.540923806268334,24.754457162389997,1.5081847612536667
宝安大道,宝安大道_10,22.5319000259214,114.29650480360678,night,3.5918847422050306,48.448691546769815,0.7183769484410061
宝安大道,宝安大道_11,22.325299437832204,114.35488882159505,morning_peak,8.697395916093875,17.81562450343675,1.739479183218775
宝安大道,宝安大道_11,22.478214977845447,114.15336825868172,midday,5.581697982261738,36.50981210642957,1.1163395964523475
宝安大道,宝安大道_11,22.625023188052012,114.05684160029956,evening_peak,7.326679941943118,26.039920348341298,1.4653359883886234
宝安大道,宝安大道_11,22.81491201270734,114.07142383003924,night,2.2200222099957494,56.6798667400255,0.4440044419991499
宝安大道,宝安大道_12,22.518478087626377,114.3095324427436,morning_peak,6.876469917879754,28.741180492721476,1.3752939835759508
宝安大道,宝安大道_12,22.371474223212942,113.76571774065425,midday,4.528286413991784,42.8302815160493,0.9056572827983569
宝安大道,宝安大道_12,22.740734976175105,114.19717356410578,evening_peak,7.042570148187302,27.744579110876188,1.4085140296374603
宝安大道,宝安大道_12,22.662086694336544,113.99502355578599,night,2.065123169355875,57.60926098386475,0.413024633871175
新安路,新安路_0,22.478776265485607,114.27043314380452,morning_peak,9.86821072570414,10.790735645775158,1.973642145140828
新安路,新安路_0,22.429099962303074,113.89712389734066,midday,6.319267125092399,32.08439724944561,1.2638534250184796
新安路,新安路_0,22.711909304368643,114.33400067083726,evening_peak,8.374703951178502,19.751776292928994,1.6749407902357003
新安路,新安路_0,22.75622419101102,114.11973858370231,night,3.290737206599718,50.255576760401695,0.6581474413199435
新安路,新安路_1,22.71375251480205,113.98409132515577,morning_peak,9.341631323368503,13.950212059788981,1.8683262646737007
新安路,新安路_1,22.725951873193814,113.78553404051398,midday,5.655970906362163,36.06417456182702,1.1311941812724327
新安路,新安路_1,22.349832874429413,114.06671017027287,evening_peak,9.42423784706749,13.454572917595058,1.8848475694134978
新安路,新安路_1,22.395392646894017,113.9053844635837,night,3.424826318667813,49.45104208799312,0.6849652637335626
新安路,新安路_2,22.77988567854658,113.75816566886233,morning_peak,7.611057593849008,24.333654436905952,1.5222115187698015
新安路,新安路_2,22.335384214784963,114.3519518256405,midday,6.704149289925805,29.77510426044517,1.340829857985161
新安路,新安路_2,22.53990511375477,114.06553214868758,evening_peak,9.864540979115404,10.812754125307578,1.9729081958230807
新安路,新安路_2,22.62436618739571,113.81233302134096,night,2.4446480208275627,55.33211187503463,0.48892960416551257
新安路,新安路_3,22.277721757049537,114.0245192095449,morning_peak,6.130471793366266,33.2171692398024,1.2260943586732531
新安路,新安路_3,22.616323737422594,114.35336537362487,midday,4.82664381765845,41.0401370940493,0.9653287635316901
新安路,新安路_3,22.587404752462707,114.0072623375444,evening_peak,8.158969519229398,21.04618288462361,1.6317939038458795
新安路,新安路_3,22.784441842077342,114.28431336732316,night,3.541815003165578,48.74910998100653,0.7083630006331156
新安路,新安路_4,22.25961151108425,114.26178969728733,morning_peak,9.89748895471703,10.61506627169782,1.979497790943406
新安路,新安路_4,22.380316645640217,114.33169205603252,midday,6.2553165191172795,32.46810088529632,1.251063303823456
新安路,新安路_4,22.650829956280344,113.89283413008955,evening_peak,7.4445337846898365,25.332797291860985,1.4889067569379673
新安路,新安路_4,22.67459593816674,114.09589478521983,night,2.294141946322224,56.23514832206666,0.4588283892644448
新安路,新安路_5,22.43890305855919,114.26169579342528,morning_peak,7.710007325312446,23.739956048125322,1.5420014650624894
新安路,新安路_5,22.50116172591788,114.30015454306509,midday,4.431443050944441,43.41134169433335,0.8862886101888883
新安路,新安路_5,22.483665057483826,114.2157650181608,evening_peak,9.537548651379904,12.774708091720576,1.9075097302759807
新安路,新安路_5,22.776432454402176,114.08460346142954,night,3.469482492126578,49.18310504724053,0.6938964984253155
松白路,松白路_0,22.442038819440317,114.27091812097197,morning_peak,6.744543591013391,29.53273845391965,1.3489087182026782
松白路,松白路_0,22.28579497110406,113.79930455556769,midday,4.621227427632566,42.2726354342046,0.9242454855265132
松白路,松白路_0,22.5472522627771,114.00354724309021,evening_peak,9.822353561509324,11.065878630944056,1.9644707123018648
松白路,松白路_0,22.744595556746308,113.95721461986936,night,3.4326357430237553,49.40418554185747,0.6865271486047511
松白路,松白路_1,22.70577368951113,114.15069041211957,morning_peak,8.774472229895181,17.35316662062891,1.7548944459790363
松白路,松白路_1,22.768629850110234,114.0813567316416,midday,4.454785224400299,43.271288653598205,0.8909570448800597
松白路,松白路_1,22.498236911262616,113.78044265423935,evening_peak,7.847417279110011,22.915496325339937,1.569483455822002
松白路,松白路_1,22.702428050309514,113.75790698085322,night,1.3836004036672527,61.69839757799649,0.27672008073345056
松白路,松白路_2,22.55660610865135,113.79068065200059,morning_peak,7.666263313929169,24.002420116424986,1.5332526627858338
松白路,松白路_2,22.378775198749803,113.94041923178177,midday,6.919234488916999,28.484593066498007,1.3838468977833998
松白路,松白路_2,22.38134999727041,113.7587842932518,evening_peak,7.911827536765082,22.529034779409507,1.5823655073530163
松白路,松白路_2,22.82320729987957,113.89247608997103,night,3.188034382263989,50.87179370641607,0.6376068764527978
松白路,松白路_3,22.68823779617523,114.26695522745432,morning_peak,8.65218876721369,18.086867396717857,1.7304377534427382
松白路,松白路_3,22.424858543384257,113.95307708041382,midday,5.267887591040827,38.392674453755035,1.0535775182081655
松白路,松白路_3,22.73316767990338,113.86686838065397,evening_peak,9.137863999295538,15.172816004226775,1.8275727998591076
松白路,松白路_3,22.78426411804949,114.24191611181685,night,2.1128230244732955,57.323061853160226,0.4225646048946591
松白路,松白路_4,22.695648955809247,113.99381712061675,morning_peak,9.939433611049903,10.36339833370058,1.9878867222099807
松白路,松白路_4,22.63970855254839,113.80497348979027,midday,5.771913501983914,35.36851898809652,1.1543827003967828
松白路,松白路_4,22.668692497083565,113.85829278240064,evening_peak,8.633490877311596,18.19905473613042,1.7266981754623192
松白路,松白路_4,22.593363668308466,114.32923307141856,night,3.3418951522766713,49.94862908633997,0.6683790304553343
松白路,松白路_5,22.40229568253328,114.1188323275799,morning_peak,6.169689192827567,32.9818648430346,1.2339378385655135
松白路,松白路_5,22.671754498442745,114.21330316951317,midday,4.889679736617792,40.66192158029325,0.9779359473235584
松白路,松白路_5,22.55141267852406,114.06323433335464,evening_peak,7.307547892199423,26.15471264680346,1.4615095784398846
松白路,松白路_5,22.8028549175418,114.25440379192393,night,2.1078423106466233,57.35294613612026,0.42156846212932464
松白路,松白路_6,22.671695981440998,114.03492968628788,morning_peak,8.788837527638547,17.26697483416872,1.7577675055277093
松白路,松白路_6,22.65985725635197,114.1952886369935,midday,6.762983563289728,29.422098620261636,1.3525967126579457
松白路,松白路_6,22.407542953605315,114.24214254232002,evening_peak,9.585072711362036,12.489563731827786,1.9170145422724072
松白路,松白路_6,22.450305171346933,113.9592662725619,night,1.5857218088694762,60.48566914678314,0.31714436177389527
松白路,松白路_7,22.757022334248756,114.17860191695416,morning_peak,9.914101873556563,10.51538875866062,1.9828203747113124
松白路,松白路_7,22.58034367664154,114.32615440026511,midday,6.1811702848461705,32.91297829092298,1.236234056969234
松白路,松白路_7,22.471410625921937,113.85572120215896,evening_peak,8.488776258647084,19.0673424481175,1.6977552517294168
松白路,松白路_7,22.683766359245354,113.98851302311448,night,3.358616956783174,49.848298259300954,0.6717233913566348
松白路,松白路_8,22.746498396630805,113.76475079007245,morning_peak,6.100773655836917,33.395358064978495,1.2201547311673835
松白路,松白路_8,22.825254265835632,114.02049679688892,midday,6.111099338887152,33.33340396667708,1.2222198677774305
松白路,松白路_8,22.66602260602603,114.24817688520936,evening_peak,7.704920214987858,23.77047871007285,1.5409840429975716
松白路,松白路_8,22.823321165153686,113.78890123299477,night,2.639290948233542,54.16425431059875,0.5278581896467084
松白路,松白路_9,22.674172368393528,114.2754842826895,morning_peak,8.019182393218113,21.884905640691322,1.6038364786436226
松白路,松白路_9,22.72310208905821,114.08952424543114,midday,4.53776683572337,42.77339898565978,0.907553367144674
松白路,松白路_9,22.322129017147454,114.27707745534535,evening_peak,8.18966104596989,20.862033724180662,1.637932209193978
松白路,松白路_9,22.428972715525457,113.93192731917746,night,1.4718196245391462,61.16908225276512,0.29436392490782926
松白路,松白路_10,22.646721796525338,114.23590883831483,morning_peak,9.485656136763417,13.086063179419497,1.8971312273526835
松白路,松白路_10,22.618024459764197,114.10094758988625,midday,4.751403696377497,41.49157782173502,0.9502807392754994
松白路,松白路_10,22.786752236288756,113.76519406288644,evening_peak,9.498491130364814,13.009053217811115,1.8996982260729627
松白路,松白路_10,22.274201479471838,114.08721519904641,night,3.022059757176378,51.86764145694173,0.6044119514352756
松白路,松白路_11,22.427165959713285,113.96967510207142,morning_peak,7.150530916174713,27.096814502951723,1.4301061832349427
松白路,松白路_11,22.443529979401262,114.19751943035418,midday,5.86387734714883,34.81673591710702,1.172775469429766
松白路,松白路_11,22.284111920185975,114.22815590549047,evening_peak,8.213582156721609,20.718507059670344,1.6427164313443217
松白路,松白路_11,22.502760127759558,114.16916632993315,night,1.857274973778118,58.85635015733129,0.3714549947556236
留仙大道,留仙大道_0,22.366340845086818,113.98676462484799,morning_peak,6.288444371717741,32.26933376969355,1.2576888743435481
留仙大道,留仙大道_0,22.714017093775325,114.19799204789527,midday,6.946148611047888,28.323108333712675,1.3892297222095775
留仙大道,留仙大道_0,22.711697536168995,114.22906128690961,evening_peak,7.348572869576338,25.90856278254197,1.4697145739152675
留仙大道,留仙大道_0,22.837317069199024,113.95305234355473,night,2.8033080868729847,53.18015147876209,0.560661617374597
留仙大道,留仙大道_1,22.791938668973902,113.76478839584964,morning_peak,9.765089792967407,11.409461242195562,1.9530179585934815
留仙大道,留仙大道_1,22.829362539830942,113.81977281744484,midday,5.350349579424433,37.897902523453396,1.0700699158848868
留仙大道,留仙大道_1,22.83047450422466,114.09119725446352,evening_peak,8.643354083149958,18.13987550110025,1.7286708166299918
留仙大道,留仙大道_1,22.592409938055553,113.88056434436973,night,1.5694459089164678,60.58332454650119,0.31388918178329356
留仙大道,留仙大道_2,22.287525330747407,114.12118960152864,morning_peak,8.078817051577937,21.527097690532372,1.6157634103155876
留仙大道,留仙大道_2,22.687196821256876,114.13632028269528,midday,5.550369817384475,36.69778109569315,1.110073963476895
留仙大道,留仙大道_2,22.65696730954887,113.84426514814334,evening_peak,8.64881880559227,18.107087166446377,1.7297637611184542
留仙大道,留仙大道_2,22.346366361693665,114.31321332471113,night,2.786078983775812,53.28352609734513,0.5572157967551624
留仙大道,留仙大道_3,22.501324849814473,114.17537848659327,morning_peak,6.273336419382417,32.359981483705496,1.2546672838764834
留仙大道,留仙大道_3,22.29835715193974,114.08992740967602,midday,5.374066635004776,37.75560018997135,1.0748133270009552
留仙大道,留仙大道_3,22.665375386594302,113.98185588867766,evening_peak,8.924895726482063,16.45062564110762,1.7849791452964126
留仙大道,留仙大道_3,22.513511884963346,114.16113362325136,night,2.6909799130862866,53.85412052148228,0.5381959826172573
留仙大道,留仙大道_4,22.55855373173548,113.90761462010295,morning_peak,8.334227869299275,19.994632784204356,1.6668455738598549
留仙大道,留仙大道_4,22.347549005186856,113.8281396248545,midday,4.0060555532447015,45.96366668053179,0.8012111106489404
留仙大道,留仙大道_4,22.610454890457106,113.88575100521089,evening_peak,8.34725423503284,19.91647458980296,1.669450847006568
留仙大道,留仙大道_4,22.24710927753433,114.22128060909921,night,3.8171712879015613,47.096972272590634,0.7634342575803122
留仙大道,留仙大道_5,22.467232880628607,113.78819336664745,morning_peak,8.500819078121769,18.99508553126939,1.7001638156243537
留仙大道,留仙大道_5,22.47446810771939,114.31966028364793,midday,5.882459715352838,34.70524170788297,1.1764919430705676
留仙大道,留仙大道_5,22.806890906776104,113.89019021608398,evening_peak,8.625970224669297,18.244178651984214,1.7251940449338594
留仙大道,留仙大道_5,22.613449412509233,114.20154493789879,night,3.1771777310923097,50.93693361344614,0.635435546218462
留仙大道,留仙大道_6,22.642096709742663,114.05672423583412,morning_peak,6.858671455890147,28.847971264659115,1.3717342911780295
留仙大道,留仙大道_6,22.43932678649109,114.29193421527916,midday,6.228474924718949,32.62915045168631,1.2456949849437897
留仙大道,留仙大道_6,22.72741359127471,114.27469177548906,evening_peak,7.252903943834051,26.48257633699569,1.45058078876681
留仙大道,留仙大道_6,22.550735836557063,114.02093098801846,night,3.4517569341004637,49.28945839539722,0.6903513868200928
留仙大道,留仙大道_7,22.380603170728495,114.08602557952563,morning_peak,9.985049146099508,10.08970512340295,1.9970098292199014
留仙大道,留仙大道_7,22.66362058151686,113.88031479944316,midday,6.012026576146977,33.92784054311814,1.2024053152293954
留仙大道,留仙大道_7,22.734121739888803,113.78791114609267,evening_peak,8.961982277019404,16.228106337883574,1.7923964554038807
留仙大道,留仙大道_7,22.26080243308712,113.97148261949305,night,3.7345638799759495,47.592616720144306,0.7469127759951899
留仙大道,留仙大道_8,22.289387101123747,114.30460097110804,morning_peak,6.063252784931848,33.62048329040891,1.2126505569863695
留仙大道,留仙大道_8,22.49796291825503,113.88710662882953,midday,5.0645824922384435,39.61250504656934,1.0129164984476886
留仙大道,留仙大道_8,22.599981928806674,113.98122023509514,evening_peak,8.79128731056016,17.25227613663904,1.758257462112032
留仙大道,留仙大道_8,22.774078584908352,113.98787054378532,night,1.999104615416195,58.00537230750283,0.399820923083239
梅观高速,梅观高速_0,22.569652379668216,113.87806921072058,morning_peak,9.730842032531045,11.614947804813724,1.946168406506209
梅观高速,梅观高速_0,22.68882889620076,114.20065043601242,midday,5.850350823557624,34.89789505865426,1.1700701647115248
梅观高速,梅观高速_0,22.284175231600145,113.98056776305808,evening_peak,8.56434707250064,18.613917564996157,1.712869414500128
梅观高速,梅观高速_0,22.593769345854454,114.08089916595343,night,3.762299825390072,47.42620104765957,0.7524599650780144
梅观高速,梅观高速_1,22.464169351949945,114.29510765349191,morning_peak,7.075414057528774,27.547515654827357,1.4150828115057548
梅观高速,梅观高速_1,22.7155322160514,114.0305072538406,midday,5.999389142580507,34.00366514451696,1.1998778285161014
梅观高速,梅观高速_1,22.392130165245923,114.18117649817009,evening_peak,8.890741658368473,16.655550049789163,1.7781483316736946
梅观高速,梅观高速_1,22.508627308888848,114.14749339474614,night,2.282804001110012,56.30317599333993,0.4565608002220024
梅观高速,梅观高速_2,22.281503807965173,114.25274594240821,morning_peak,9.745122485875706,11.52926508474576,1.9490244971751411
梅观高速,梅观高速_2,22.509451672703825,113.77104799726501,midday,4.87714933123658,40.737104012580524,0.975429866247316
梅观高速,梅观高速_2,22.54467874557808,113.79160564640847,evening_peak,7.903138233502939,22.581170598982368,1.5806276467005878
梅观高速,梅观高速_2,22.799366377315057,113.82113593086468,night,2.4732871881494956,55.16027687110302,0.4946574376298991
梅观高速,梅观高速_3,22.488902632025596,114.15100422871461,morning_peak,9.057762912302017,15.653422526187896,1.8115525824604035
梅观高速,梅观高速_3,22.338795357524813,113.85417756856273,midday,4.780709793955688,41.31574123626587,0.9561419587911375
梅观高速,梅观高速_3,22.354488022940746,114.15643163099338,evening_peak,7.211475836929434,26.731144978423394,1.4422951673858868
梅观高速,梅观高速_3,22.731575411354697,114.1689805859247,night,3.645071835530524,48.12956898681686,0.7290143671061048
梅观高速,梅观高速_4,22.41661246777757,113.94378412519349,morning_peak,6.441727453644411,31.349635278133533,1.2883454907288823
梅观高速,梅观高速_4,22.55210339582583,114.07923228892781,midday,4.749870839192864,41.50077496484282,0.9499741678385728
梅观高速,梅观高速_4,22.45537349524186,114.25503335874365,evening_peak,8.07065792551333,21.576052446920016,1.614131585102666
梅观高速,梅观高速_4,22.427777499008446,114.30617306632396,night,3.3678785449590567,49.792728730245656,0.6735757089918113
梅观高速,梅观高速_5,22.439145525218024,113.97055496927584,morning_peak,9.811260068010025,11.13243959193985,1.962252013602005
梅观高速,梅观高速_5,22.807772487520204,114.28369165988539,midday,5.516902460265877,36.898585238404735,1.1033804920531753
梅观高速,梅观高速_5,22.478738445962847,114.08992271384987,evening_peak,7.307703887750769,26.153776673495386,1.4615407775501539
梅观高速,梅观高速_5,22.359417840762134,114.27319006270089,night,2.50939741765462,54.943615494072276,0.501879483530924
梅观高速,梅观高速_6,22.74584502491108,114.27315856760968,morning_peak,8.707763131987349,17.753421208075906,1.7415526263974699
梅观高速,梅观高速_6,22.50662636074983,114.12422805300926,midday,6.245067560997219,32.52959463401669,1.249013512199444
梅观高速,梅观高速_6,22.647287250484943,113.86545195344357,evening_peak,7.481096218359229,25.113422689844626,1.4962192436718458
梅观高速,梅观高速_6,22.38085889645238,113.82843078009013,night,3.0818487715304705,51.50890737081718,0.6163697543060941
梅观高速,梅观高速_7,22.244295281131443,114.18914377071212,morning_peak,6.66113796057183,30.033172236569015,1.332227592114366
梅观高速,梅观高速_7,22.552060009947954,113.85471768063323,midday,6.197203147175137,32.81678111694918,1.2394406294350273
梅观高速,梅观高速_7,22.254577379862372,113.85734890617914,evening_peak,7.250663012532069,26.496021924807586,1.4501326025064138
梅观高速,梅观高速_7,22.388022105021008,113.97046279633034,night,3.67256660494944,47.96460037030336,0.734513320989888
机荷高速,机荷高速_0,22.55463474246812,114.1225516098574,morning_peak,6.889445218992681,28.66332868604391,1.3778890437985363
机荷高速,机荷高速_0,22.27773929553507,113.99251972147644,midday,4.736056942498633,41.5836583450082,0.9472113884997266
机荷高速,机荷高速_0,22.37483235393788,114.33381768162808,evening_peak,7.702610112779002,23.784339323325987,1.5405220225558005
机荷高速,机荷高速_0,22.577227065903255,114.00736506211399,night,2.8489014577771723,52.90659125333697,0.5697802915554344
机荷高速,机荷高速_1,22.567643002302848,114.17575788422167,morning_peak,7.7157773337205775,23.705335997676535,1.5431554667441154
机荷高速,机荷高速_1,22.34611634462327,114.05796765124597,midday,6.106438288545489,33.36137026872707,1.2212876577090976
机荷高速,机荷高速_1,22.76541617976163,114.13675135273103,evening_peak,8.235874285102305,20.58475428938617,1.647174857020461
机荷高速,机荷高速_1,22.312336785307348,114.12128273359406,night,2.5975121992479453,54.414926804512326,0.5195024398495891
机荷高速,机荷高速_2,22.44542394533945,113.84360517888861,morning_peak,6.468815622720934,31.187106263674394,1.2937631245441867
机荷高速,机荷高速_2,22.36685126830169,113.99301562391283,midday,6.076220941073107,33.54267435356136,1.2152441882146214
机荷高速,机荷高速_2,22.365689830039383,114.06258303837527,evening_peak,9.687024332856335,11.877854002861987,1.937404866571267
机荷高速,机荷高速_2,22.253974424627437,114.23355486814368,night,2.257814983498066,56.4531100990116,0.4515629966996132
机荷高速,机荷高速_3,22.52765301258617,114.09430697696337,morning_peak,6.276183625258399,32.3428982484496,1.2552367250516798
机荷高速,机荷高速_3,22.656278977584723,113.90986343011363,midday,5.8852793698437615,34.68832378093743,1.1770558739687522
机荷高速,机荷高速_3,22.677166197412948,114.07929395960855,evening_peak,7.029936329975348,27.820382020147918,1.4059872659950696
机荷高速,机荷高速_3,22.735933017740415,114.26389570067273,night,3.5083531096217464,48.94988134226952,0.7016706219243493
机荷高速,机荷高速_4,22.443277037502117,114.23283492155483,morning_peak,7.94037863991816,22.357728160491035,1.588075727983632
机荷高速,机荷高速_4,22.35316531784206,114.27088441173689,midday,5.353882339087765,37.87670596547341,1.0707764678175529
机荷高速,机荷高速_4,22.5228858536841,113.80331983638588,evening_peak,9.647679630317041,12.113922218097755,1.9295359260634082
机荷高速,机荷高速_4,22.72522259567756,114.29896441712773,night,2.1634782697507937,57.01913038149524,0.43269565395015874
机荷高速,机荷高速_5,22.28328416721516,114.2843102718797,morning_peak,6.813890969990384,29.116654180057694,1.3627781939980768
机荷高速,机荷高速_5,22.568156578560536,114.33873948723046,midday,5.168214816936626,38.990711098380245,1.0336429633873252
机荷高速,机荷高速_5,22.632090804471257,113.80236325354493,evening_peak,7.199694183742668,26.80183489754399,1.4399388367485337
机荷高速,机荷高速_5,22.725388727116066,114.01798333965338,night,2.1264067853995012,57.241559287602996,0.4252813570799002
机荷高速,机荷高速_6,22.57853557096796,113.95059729158157,morning_peak,9.988729415611802,10.067623506329184,1.9977458831223605
机荷高速,机荷高速_6,22.453412320571697,113.98141996425574,midday,4.660333977714259,42.037996133714444,0.9320667955428519
机荷高速,机荷高速_6,22.46484451965606,114.03644311184354,evening_peak,7.206141033171883,26.763153800968702,1.4412282066343765
机荷高速,机荷高速_6,22.637137690832965,114.1831593931375,night,3.168213256716414,50.990720459701514,0.6336426513432828
盐排高速,盐排高速_0,22.533493620907848,113.76108808540101,morning_peak,8.646737153599426,18.119577078403438,1.7293474307198853
盐排高速,盐排高速_0,22.7067857439742,114.08695149779614,midday,6.413483927295467,31.519096436227194,1.2826967854590934
盐排高速,盐排高速_0,22.70300902971955,114.10812815263883,evening_peak,7.199389977328816,26.803660136027105,1.4398779954657632
盐排高速,盐排高速_0,22.694148195437503,114.23970124317471,night,3.3458799314738776,49.924720411156734,0.6691759862947755
盐排高速,盐排高速_1,22.327294710916107,114.16059448402781,morning_peak,8.0720322656185,21.567806406289,1.6144064531237
盐排高速,盐排高速_1,22.68845191231945,113.85982860363045,midday,5.861421355155912,34.83147186906453,1.1722842710311823
盐排高速,盐排高速_1,22.777345710331595,114.20788667907125,evening_peak,7.584925599700868,24.49044640179479,1.5169851199401736
盐排高速,盐排高速_1,22.698329192698353,114.11619318359419,night,3.7246854661009685,47.65188720339419,0.7449370932201937
盐排高速,盐排高速_2,22.776576754364005,114.10518405270717,morning_peak,8.616530948111494,18.300814311331038,1.7233061896222988
盐排高速,盐排高速_2,22.33698602960216,114.04225273206967,midday,5.897173972985162,34.616956162089025,1.1794347945970325
盐排高速,盐排高速_2,22.40566561898982,113.87925250831472,evening_peak,9.149191335874297,15.10485198475422,1.8298382671748594
盐排高速,盐排高速_2,22.3880003767957,113.88684758222185,night,1.9414804246732467,58.35111745196052,0.38829608493464934
盐排高速,盐排高速_3,22.78780310833012,114.06213578804324,morning_peak,7.699403371472348,23.803579771165914,1.5398806742944697
盐排高速,盐排高速_3,22.289283001628522,114.17559368708275,midday,4.563761142445969,42.617433145324185,0.9127522284891938
盐排高速,盐排高速_3,22.736198567951213,114.15360646118447,evening_peak,8.148396293309164,21.109622240145015,1.6296792586618327
盐排高速,盐排高速_3,22.40626762365107,114.17331535347664,night,3.3887243516241057,49.667653890255366,0.6777448703248211
盐排高速,盐排高速_4,22.806541087670173,114.13972456892003,morning_peak,7.0562479387748755,27.662512367350743,1.411249587754975
盐排高速,盐排高速_4,22.404807117375363,113.872455951043,midday,4.973535400526027,40.15878759684384,0.9947070801052054
盐排高速,盐排高速_4,22.374329367798754,114.11508195955649,evening_peak,9.083922876681184,15.4964627399129,1.8167845753362368
盐排高速,盐排高速_4,22.64028136687632,114.24686383712432,night,1.7939050807760721,59.23656951534357,0.3587810161552144
盐排高速,盐排高速_5,22.699610798558467,113.87053344341535,morning_peak,9.112100972578613,15.327394164528322,1.8224201945157226
盐排高速,盐排高速_5,22.66246929709243,113.97890832827662,midday,4.2651548409535565,44.40907095427866,0.8530309681907113
盐排高速,盐排高速_5,22.261789455676034,113.91364586956503,evening_peak,8.297038679210042,20.217767924739746,1.6594077358420083
盐排高速,盐排高速_5,22.770611463560748,113.90393800993112,night,1.1010292116233922,63.393824730259645,0.22020584232467844
水官高速,水官高速_0,22.75797223655066,114.22816343341036,morning_peak,8.520159513919928,18.87904291648043,1.7040319027839856
水官高速,水官高速_0,22.363739091229967,114.0664206240056,midday,5.2869547955226714,38.27827122686397,1.0573909591045343
水官高速,水官高速_0,22.504951759237755,114.15796314587034,evening_peak,9.208686647585651,14.747880114486094,1.8417373295171302
水官高速,水官高速_0,22.69190284182284,114.24552817193585,night,1.2829822788731309,62.30210632676121,0.2565964557746262
水官高速,水官高速_1,22.82345815251582,114.25389123447638,morning_peak,8.827351423122165,17.035891461267013,1.765470284624433
水官高速,水官高速_1,22.803242650074587,114.23870879512428,midday,6.709281183629615,29.744312898222304,1.341856236725923
水官高速,水官高速_1,22.246531148816473,114.03739545193388,evening_peak,9.022776526019497,15.863340843883023,1.8045553052038994
水官高速,水官高速_1,22.425518163468798,113.94876266814208,night,2.7134868958670832,53.719078624797504,0.5426973791734166
水官高速,水官高速_2,22.778126519121646,114.26740740330102,morning_peak,9.844637662840661,10.932174022956033,1.9689275325681321
水官高速,水官高速_2,22.25131913024535,113.80603334787344,midday,5.218035405118332,38.69178756929001,1.0436070810236664
水官高速,水官高速_2,22.252545747797406,113.76818986914913,evening_peak,7.9365891046528105,22.380465372083137,1.587317820930562
水官高速,水官高速_2,22.666795101271433,113.94327359404089,night,3.749809904927233,47.501140570436604,0.7499619809854466
水官高速,水官高速_3,22.550081430737045,113.76110769651262,morning_peak,6.530578310403813,30.816530137577118,1.3061156620807626
水官高速,水官高速_3,22.491989071633366,113.9993009731424,midday,6.815241231574432,29.10855261055341,1.3630482463148863
水官高速,水官高速_3,22.284696998232658,114.1408933438751,evening_peak,8.171780822745347,20.969315063527915,1.6343561645490694
水官高速,水官高速_3,22.64877523855297,113.84096129599764,night,3.1990108588850603,50.80593484668964,0.639802171777012
水官高速,水官高速_4,22.58479069050335,114.27894647276483,morning_peak,8.31536067214237,20.107835967145775,1.663072134428474
水官高速,水官高速_4,22.465991566195658,114.12901623523092,midday,5.137382975126941,39.175702149238354,1.0274765950253881
水官高速,水官高速_4,22.524671136395472,114.02373561739826,evening_peak,8.89921796049854,16.604692237008763,1.779843592099708
水官高速,水官高速_4,22.759727179701986,114.03460014075235,night,2.482443011913648,55.105341928518115,0.49648860238272957
水官高速,水官高速_5,22.545502258157796,114.32742041590853,morning_peak,9.75972716787929,11.441636992724256,1.9519454335758581
水官高速,水官高速_5,22.460558793569497,114.27608485277797,midday,6.498495705607227,31.009025766356636,1.2996991411214454
水官高速,水官高速_5,22.798128305205807,114.13688610904974,evening_peak,7.330189852603346,26.018860884379926,1.4660379705206692
水官高速,水官高速_5,22.629654034190487,114.34244859248686,night,1.1631722455669335,63.0209665265984,0.2326344491133867
水官高速,水官高速_6,22.57591262586805,114.20657660985563,morning_peak,6.279202618458516,32.3247842892489,1.2558405236917032
水官高速,水官高速_6,22.491396479192478,113.88039993550095,midday,6.430775760098594,31.415345439408433,1.286155152019719
水官高速,水官高速_6,22.590935694258334,114.02964664216057,evening_peak,7.127026836317151,27.237838982097088,1.4254053672634304
水官高速,水官高速_6,22.279462944628946,114.1691372060676,night,3.846233185449133,46.9226008873052,0.7692466370898267
水官高速,水官高速_7,22.345960506026323,114.0300473999537,morning_peak,6.099864888480228,33.40081066911863,1.2199729776960457
水官高速,水官高速_7,22.654520325760185,114.30402782092065,midday,5.364617328408604,37.81229602954838,1.0729234656817208
水官高速,水官高速_7,22.815221058710904,114.2868693839268,evening_peak,8.917096476744762,16.497421139531426,1.7834192953489523
水官高速,水官高速_7,22.743375170551296,114.14344656619419,night,2.7534993865923707,53.47900368044577,0.5506998773184741
水官高速,水官高速_8,22.687438833955706,113.8148450647604,morning_peak,6.314231323694909,32.11461205783055,1.2628462647389818
水官高速,水官高速_8,22.664684123514938,113.79781656492652,midday,5.7822483417091375,35.30650994974518,1.1564496683418275
水官高速,水官高速_8,22.79250333935699,114.12768869533974,evening_peak,7.692383961779595,23.845696229322428,1.538476792355919
水官高速,水官高速_8,22.657507862688803,114.11596585197702,night,1.7388580564315947,59.56685166141043,0.34777161128631895
广深高速,广深高速_0,22.685555651462405,113.92981172935627,morning_peak,6.786614339811835,29.28031396112899,1.357322867962367
广深高速,广深高速_0,22.84144273994216,113.77591560319765,midday,6.407920937058789,31.552474377647272,1.2815841874117577
广深高速,广深高速_0,22.616678320159195,114.3419295714989,evening_peak,9.692097597372795,11.847414415763225,1.938419519474559
广深高速,广深高速_0,22.751532758342822,113.79533644115897,night,2.3950285525792827,55.629828684524306,0.47900571051585655
广深高速,广深高速_1,22.283309922650727,114.34310588008745,morning_peak,7.3411162003131825,25.9533027981209,1.4682232400626365
广深高速,广深高速_1,22.754628452747582,114.32067913886034,midday,6.45092172181551,31.294469669106945,1.290184344363102
广深高速,广深高速_1,22.474458555508,113.8005209334264,evening_peak,7.255310458359356,26.468137249843863,1.4510620916718713
广深高速,广深高速_1,22.3807194662226,114.03936432662854,night,1.6323793046500858,60.20572417209949,0.3264758609300172
广深高速,广深高速_2,22.303686864090654,113.85839465345647,morning_peak,7.074248669814571,27.55450798111258,1.4148497339629142
广深高速,广深高速_2,22.82694607874738,114.21347550415109,midday,4.4418266906562724,43.34903985606236,0.8883653381312545
广深高速,广深高速_2,22.506944291904745,113.92492108899759,evening_peak,9.903284395808686,10.580293625147881,1.9806568791617374
广深高速,广深高速_2,22.438852350824686,113.93753002422321,night,3.39487959162756,49.63072245023464,0.678975918325512
广深高速,广深高速_3,22.32090738693454,113.91177783661006,morning_peak,6.930023968831325,28.41985618701205,1.386004793766265
广深高速,广深高速_3,22.647496524887437,113.79543890533168,midday,5.065959245421663,39.60424452747002,1.0131918490843326
广深高速,广深高速_3,22.728514184175005,113.84605315415027,evening_peak,7.631520818996028,24.210875086023833,1.5263041637992056
广深高速,广深高速_3,22.761895353114884,113.85085518668608,night,2.027935439567565,57.83238736259461,0.40558708791351294
广深高速,广深高速_4,22.533822797048007,113.93935170676713,morning_peak,6.33094734247276,32.014315945163446,1.2661894684945518
广深高速,广深高速_4,22.725382934290085,113.84018909289165,midday,5.690225093451563,35.85864943929062,1.1380450186903126
广深高速,广深高速_4,22.546405256233918,113.84434727160793,evening_peak,8.742097253662855,17.547416478022868,1.748419450732571
广深高速,广深高速_4,22.40728425071646,114.05060059112641,night,2.871995456586947,52.76802726047832,0.5743990913173894
广深高速,广深高速_5,22.518850434328172,113.9417780808257,morning_peak,6.329089297108247,32.02546421735052,1.2658178594216494
广深高速,广深高速_5,22.27728723619842,114.009064364951,midday,6.467143633556063,31.197138198663623,1.2934287267112126
广深高速,广深高速_5,22.67810364577947,114.10247254505413,evening_peak,8.375294272394314,19.74823436563412,1.6750588544788627
广深高速,广深高速_5,22.709329571391052,114.27522178419491,night,3.001637011582543,51.99017793050474,0.6003274023165086
广深高速,广深高速_6,22.56591362321834,114.26196484706352,morning_peak,7.2555019868898825,26.466988078660705,1.4511003973779766
广深高速,广深高速_6,22.776811586626255,113.98078035757463,midday,6.968353392895169,28.18987964262898,1.3936706785790338
广深高速,广深高速_6,22.53673552244395,114.20288487110163,evening_peak,7.585499551655952,24.487002690064287,1.5170999103311904
广深高速,广深高速_6,22.5330085179882,114.26083825264908,night,2.477707212259893,55.133756726440645,0.49554144245197856
广深高速,广深高速_7,22.758976804886988,114.00198288057103,morning_peak,7.445615116268746,25.32630930238753,1.4891230232537491
广深高速,广深高速_7,22.51549394671982,114.21536817520493,midday,4.984699317035018,40.09180409778989,0.9969398634070036
广深高速,广深高速_7,22.36095152952321,114.32876689539786,evening_peak,7.378006083591983,25.731963498448103,1.4756012167183967
广深高速,广深高速_7,22.58373639075863,114.10548867999717,night,1.5264748821440721,60.84115070713557,0.3052949764288144
广深高速,广深高速_8,22.62994714914609,113.89579603547857,morning_peak,7.958497848200979,22.24901291079412,1.5916995696401959
广深高速,广深高速_8,22.466403953148138,114.15490035577751,midday,5.657986803330244,36.05207918001854,1.1315973606660488
广深高速,广深高速_8,22.585626450103685,113.86906221323,evening_peak,7.423670630119449,25.45797621928331,1.4847341260238898
广深高速,广深高速_8,22.37432588019415,113.86760266792129,night,1.835929189345109,58.98442486392935,0.3671858378690218
广深高速,广深高速_9,22.414524540596535,114.31417426911867,morning_peak,9.302843806242668,14.182937162543993,1.8605687612485338
广深高速,广深高速_9,22.585856281962258,113.84370067359944,midday,6.9097795760355725,28.541322543786563,1.3819559152071146
广深高速,广深高速_9,22.72173935800893,113.97833443721825,evening_peak,8.123644730138743,21.258131619167543,1.6247289460277485
广深高速,广深高速_9,22.57717094655691,114.26497251089762,night,1.2610516549083663,62.4336900705498,0.2522103309816733
广深高速,广深高速_10,22.34817388407821,114.16155876864748,morning_peak,9.18370554857401,14.897766708555949,1.8367411097148019
广深高速,广深高速_10,22.374024520731304,114.28234306398312,midday,4.661512790306942,42.03092325815835,0.9323025580613884
广深高速,广深高速_10,22.401048407910807,113.75829203445679,evening_peak,7.749006858220691,23.505958850675853,1.5498013716441381
广深高速,广深高速_10,22.71865688792548,114.13429736105441,night,3.6120071023765528,48.32795738574068,0.7224014204753105
广深高速,广深高速_11,22.334329140454695,114.03289415675255,morning_peak,9.001063055755369,15.993621665467785,1.8002126111510737
广深高速,广深高速_11,22.29936591575421,114.04957829112895,midday,5.053658162046343,39.67805102772194,1.0107316324092686
广深高速,广深高速_11,22.267135471430414,113.93277654809629,evening_peak,9.762218951027906,11.42668629383256,1.9524437902055811
广深高速,广深高速_11,22.385987992199418,114.30296073112763,night,1.6226228086171104,60.26426314829734,0.3245245617234221
南光高速,南光高速_0,22.706609771647642,114.17939300495308,morning_peak,6.025740845987183,33.8455549240769,1.2051481691974366
南光高速,南光高速_0,22.69935458700948,114.06565329886486,midday,5.845760959847242,34.925434240916545,1.1691521919694483
南光高速,南光高速_0,22.804203252035894,113.98338300950766,evening_peak,9.112249813964016,15.326501116215901,1.8224499627928032
南光高速,南光高速_0,22.528512690806576,114.16253979108839,night,3.1243655047018764,51.25380697178874,0.6248731009403753
南光高速,南光高速_1,22.270371500261476,114.1458602663692,morning_peak,9.051573342217456,15.690559946695267,1.8103146684434912
南光高速,南光高速_1,22.64511952268454,114.03889811156029,midday,4.680223553220833,41.918658680675,0.9360447106441667
南光高速,南光高速_1,22.317140489123357,114.13369341099371,evening_peak,9.320658225594661,14.076050646432037,1.8641316451189323
南光高速,南光高速_1,22.754889197198352,114.31493010338178,night,1.835412186782657,58.987526879304056,0.3670824373565314
南光高速,南光高速_2,22.72070444145637,114.2101404422568,morning_peak,9.985593174716222,10.08644095170267,1.9971186349432444
南光高速,南光高速_2,22.444704235394063,114.03730952505737,midday,4.646502276602654,42.12098634038408,0.9293004553205307
南光高速,南光高速_2,22.79207951904678,113.87138346001379,evening_peak,9.32014314334675,14.0791411399195,1.86402862866935
南光高速,南光高速_2,22.660474791412433,114.12436243841103,night,3.767102454010309,47.39738527593815,0.7534204908020617
南光高速,南光高速_3,22.27641501968549,114.09897893910477,morning_peak,6.799365085127758,29.20380948923345,1.3598730170255515
南光高速,南光高速_3,22.369568869612813,114.09177372349528,midday,5.954547049986678,34.27271770007994,1.1909094099973356
南光高速,南光高速_3,22.74413956727301,114.31431310835178,evening_peak,9.56948020828772,12.583118750273684,1.913896041657544
南光高速,南光高速_3,22.433929743530552,114.20755560358849,night,2.097657428670641,57.41405542797615,0.41953148573412824
南光高速,南光高速_4,22.295629198416666,113.92758067840231,morning_peak,7.72444962038802,23.653302277671884,1.544889924077604
南光高速,南光高速_4,22.41860985528575,113.9572233425684,midday,5.255746856594468,38.46551886043319,1.0511493713188935
南光高速,南光高速_4,22.26799950030985,114.14015682049467,evening_peak,7.881327718523172,22.71203368886097,1.5762655437046345
南光高速,南光高速_4,22.635130099087206,113.87328593762018,night,2.791877261060408,53.24873643363755,0.5583754522120816
南光高速,南光高速_5,22.61486955616695,114.11767654107595,morning_peak,7.1826181664499416,26.90429100130035,1.4365236332899882
南光高速,南光高速_5,22.45334795000612,114.30565860286482,midday,5.518990928062803,36.88605443162318,1.1037981856125607
南光高速,南光高速_5,22.51647149386235,114.16476829857253,evening_peak,8.019310726896531,21.884135638620812,1.6038621453793063
南光高速,南光高速_5,22.45123158581863,114.01928687427392,night,2.6290642926002925,54.225614244398244,0.5258128585200585
南光高速,南光高速_6,22.409977493291965,113.8432531438661,morning_peak,9.177923271414024,14.932460371515859,1.8355846542828047
南光高速,南光高速_6,22.75282052929274,113.81129382891382,midday,4.939489605489332,40.36306236706401,0.9878979210978663
南光高速,南光高速_6,22.567701739356597,114.34880744638026,evening_peak,9.975088220117355,10.149470679295874,1.995017644023471
南光高速,南光高速_6,22.514788228526548,113.87699464476322,night,3.8169892662579326,47.09806440245241,0.7633978532515865
南光高速,南光高速_7,22.387093618321973,114.18397958433873,morning_peak,6.659539106260554,30.042765362436676,1.3319078212521107
南光高速,南光高速_7,22.44795516176258,114.02716728239677,midday,4.818849984194464,41.08690009483322,0.9637699968388928
南光高速,南光高速_7,22.356736050730905,113.76091593156589,evening_peak,9.739698041264369,11.561811752413789,1.9479396082528737
南光高速,南光高速_7,22.78595980500807,114.14640987890603,night,1.1802892311345103,62.91826461319294,0.23605784622690207
南光高速,南光高速_8,22.349415500606714,113.93446004198228,morning_peak,7.092162477311227,27.447025136132638,1.4184324954622454
南光高速,南光高速_8,22.808019746170665,114.22842370461916,midday,4.34439078175384,43.93365530947696,0.868878156350768
南光高速,南光高速_8,22.76207756306912,113.90757492257595,evening_peak,8.387173530737622,19.676958815574267,1.6774347061475243
南光高速,南光高速_8,22.756779499408246,113.97196122697397,night,3.151361705416581,51.09182976750051,0.6302723410833162
南光高速,南光高速_9,22.420143409558584,113.93721428115542,morning_peak,9.029857781802871,15.820853309182773,1.8059715563605743
南光高速,南光高速_9,22.507134827905638,114.19572714389845,midday,4.321171535662558,44.07297078602465,0.8642343071325117
南光高速,南光高速_9,22.605378195157456,114.27578132264145,evening_peak,9.820662416713855,11.07602549971687,1.964132483342771
南光高速,南光高速_9,22.347105831785168,114.04939045734758,night,3.467483947870681,49.19509631277592,0.6934967895741362
南光高速,南光高速_10,22.65239189693698,114.32783980094764,morning_peak,6.467694142101566,31.1938351473906,1.293538828420313
南光高速,南光高速_10,22.683429878481522,114.13724289052072,midday,4.411268374236269,43.53238975458238,0.8822536748472538
南光高速,南光高速_10,22.477172140813003,113.97097898865229,evening_peak,8.750815111024298,17.49510933385421,1.7501630222048596
南光高速,南光高速_10,22.373845224951207,113.7670061293721,night,1.1357475670566637,63.18551459766002,0.22714951341133274
